0	<UNK>
1	¡
2	¢
3	£
4	¤
5	¥
6	§
7	©
8	¬
9	®
10	°
11	±
12	³
13	´
14	·
15	º
16	¿
17	À
18	Â
19	Ä
20	Å
21	Æ
22	Ç
23	È
24	É
25	Ê
26	Ë
27	Í
28	Ï
29	Ñ
30	Ò
31	Ó
32	Ö
33	×
34	Ø
35	Ú
36	Ü
37	ß
38	à
39	á
40	â
41	ã
42	ä
43	ç
44	è
45	é
46	ê
47	ë
48	í
49	ï
50	ñ
51	ò
52	ó
53	ô
54	ö
55	÷
56	ø
57	ú
58	ü
59	ā
60	Č
61	Đ
62	Ē
63	ē
64	Ō
65	ō
66	ř
67	Ş
68	Š
69	š
70	Ū
71	ơ
72	ư
73	ʔ
74	ʕ
75	˂
76	˃
77	ˆ
78	ˇ
79	ˉ
80	ˊ
81	ˋ
82	ː
83	˘
84	˙
85	˵
86	˶
87	̀
88	́
89	̥
90	̫
91	̴
92	̵
93	̶
94	̷
95	̹
96	͈
97	͜
98	Α
99	Β
100	Γ
101	Δ
102	Ε
103	Ζ
104	Θ
105	Ι
106	Λ
107	Μ
108	Ν
109	Ξ
110	Ο
111	Π
112	Σ
113	Φ
114	Χ
115	Ψ
116	Ω
117	α
118	β
119	γ
120	δ
121	ε
122	ζ
123	η
124	θ
125	ι
126	κ
127	λ
128	μ
129	ν
130	ξ
131	ο
132	π
133	ρ
134	σ
135	τ
136	υ
137	φ
138	χ
139	ψ
140	ω
141	ϖ
142	Ў
143	А
144	Д
145	Е
146	И
147	Й
148	К
149	М
150	О
151	Т
152	У
153	Ф
154	Ц
155	Ч
156	Я
157	а
158	б
159	в
160	д
161	е
162	з
163	и
164	й
165	к
166	о
167	с
168	т
169	у
170	ъ
171	я
172	ё
173	ө
174	֏
175	؋
176	و
177	٩
178	ڡ
179	۶
180	߹
181	॑
182	ॣ
183	৲
184	৳
185	૱
186	இ
187	ர
188	ூ
189	௹
190	ಠ
191	ර
192	ු
193	ฅ
194	ง
195	พ
196	ย
197	ล
198	ว
199	อ
200	฿
201	๑
202	๓
203	ຶ
204	༎
205	ཀ
206	ლ
207	ᐛ
208	ᐝ
209	ᗜ
210	ᗨ
211	៛
212	ᴗ
213	ᴥ
214	ᵕ
215	ạ
216	ễ
217	ệ
218	ố
219	ᾥ
220	​
221	‍
222	‎
223	‐
224	–
225	—
226	―
227	‘
228	’
229	“
230	”
231	„
232	‟
233	†
234	‡
235	•
236	‥
237	…
238	‰
239	′
240	※
241	‼
242	‿
243	⁇
244	⁉
245	⁺
246	⁽
247	⁾
248	₠
249	₡
250	₢
251	₥
252	₦
253	₩
254	₪
255	₫
256	€
257	₭
258	₮
259	₯
260	₰
261	₱
262	₲
263	₳
264	₴
265	₵
266	₸
267	₹
268	₺
269	₿
270	⃝
271	⃣
272	ℂ
273	℃
274	℉
275	ℍ
276	ℏ
277	ℑ
278	ℓ
279	ℕ
280	℘
281	ℚ
282	ℛ
283	ℜ
284	ℝ
285	™
286	ℤ
287	ℳ
288	ℵ
289	Ⅰ
290	Ⅱ
291	Ⅲ
292	Ⅳ
293	Ⅴ
294	Ⅵ
295	Ⅷ
296	Ⅹ
297	ⅰ
298	ⅱ
299	ⅲ
300	ⅳ
301	ⅴ
302	ⅵ
303	ⅶ
304	ⅷ
305	ⅸ
306	ⅹ
307	←
308	↑
309	→
310	↓
311	↔
312	↕
313	↖
314	↗
315	↘
316	↙
317	↩
318	↪
319	↯
320	⇄
321	⇅
322	⇆
323	⇒
324	⇔
325	⇖
326	⇗
327	⇘
328	⇙
329	⇠
330	⇡
331	⇢
332	⇣
333	⇦
334	⇧
335	⇨
336	⇩
337	∀
338	∂
339	∃
340	∄
341	∅
342	∇
343	∈
344	∉
345	∋
346	∌
347	∏
348	∑
349	−
350	∓
351	∖
352	√
353	∛
354	∜
355	∝
356	∞
357	∟
358	∠
359	∥
360	∦
361	∧
362	∨
363	∩
364	∪
365	∫
366	∬
367	∭
368	∮
369	∴
370	∵
371	∽
372	≈
373	≒
374	≝
375	≠
376	≡
377	≢
378	≤
379	≥
380	≦
381	≧
382	≪
383	≫
384	⊂
385	⊃
386	⊄
387	⊅
388	⊆
389	⊇
390	⊊
391	⊋
392	⊕
393	⊗
394	⊥
395	⊿
396	⌈
397	⌉
398	⌊
399	⌋
400	⌒
401	⌘
402	⌚
403	⌛
404	⌯
405	⍤
406	⏢
407	⏩
408	⏫
409	⏬
410	⏰
411	⏲
412	⏳
413	①
414	②
415	③
416	④
417	⑤
418	Ⓐ
419	Ⓜ
420	─
421	━
422	┌
423	┐
424	┴
425	╋
426	╯
427	╰
428	■
429	□
430	▪
431	▫
432	▱
433	▲
434	△
435	▶
436	▷
437	▼
438	▽
439	◀
440	◁
441	◆
442	◇
443	◉
444	○
445	◌
446	◍
447	◎
448	●
449	◒
450	◜
451	◝
452	◠
453	◡
454	◢
455	◣
456	◤
457	◥
458	◦
459	◯
460	◻
461	◼
462	◽
463	◾
464	☀
465	☁
466	☂
467	☃
468	☄
469	★
470	☆
471	☎
472	☑
473	☔
474	☕
475	☘
476	☜
477	☝
478	☞
479	☟
480	☠
481	☪
482	☯
483	☹
484	☺
485	☻
486	☽
487	☾
488	♀
489	♂
490	♈
491	♉
492	♊
493	♋
494	♌
495	♍
496	♎
497	♏
498	♐
499	♑
500	♒
501	♓
502	♠
503	♡
504	♢
505	♣
506	♤
507	♥
508	♦
509	♧
510	♨
511	♩
512	♪
513	♫
514	♬
515	♭
516	♮
517	♯
518	♳
519	♴
520	♵
521	♶
522	♷
523	♸
524	♹
525	♺
526	♻
527	⚒
528	⚓
529	⚔
530	⚖
531	⚗
532	⚙
533	⚜
534	⚠
535	⚡
536	⚢
537	⚣
538	⚤
539	⚥
540	⚦
541	⚧
542	⚨
543	⚩
544	⚪
545	⚫
546	⚰
547	⚲
548	⚽
549	⚾
550	⛄
551	⛅
552	⛈
553	⛏
554	⛑
555	⛓
556	⛩
557	⛪
558	⛰
559	⛱
560	⛲
561	⛳
562	⛴
563	⛵
564	⛷
565	⛸
566	⛺
567	⛽
568	✂
569	✅
570	✈
571	✉
572	✊
573	✋
574	✌
575	✍
576	✏
577	✒
578	✔
579	✖
580	✝
581	✡
582	✧
583	✨
584	✪
585	✳
586	✴
587	❀
588	❄
589	❇
590	❌
591	❎
592	❓
593	❔
594	❕
595	❗
596	❛
597	❣
598	❤
599	➔
600	➕
601	➖
602	➗
603	➘
604	➙
605	➚
606	➛
607	➜
608	➝
609	➞
610	➟
611	➠
612	➡
613	➥
614	➦
615	➧
616	➨
617	➩
618	➪
619	➫
620	➬
621	➭
622	➮
623	➯
624	➰
625	⤴
626	⤵
627	⬅
628	⬆
629	⬇
630	⬛
631	⬜
632	⬟
633	⬠
634	⬡
635	⬢
636	⬣
637	⬬
638	⬭
639	⬮
640	⬯
641	⭐
642	⭓
643	⭔
644	⭕
645	⸜
646	⸝
647	　
648	、
649	。
650	〃
651	〄
652	々
653	〆
654	〇
655	〈
656	〉
657	《
658	》
659	「
660	」
661	『
662	』
663	【
664	】
665	〒
666	〓
667	〔
668	〕
669	〝
670	〟
671	〰
672	〻
673	〼
674	ぁ
675	あ
676	ぃ
677	い
678	ぅ
679	う
680	ぇ
681	え
682	ぉ
683	お
684	か
685	が
686	き
687	ぎ
688	く
689	ぐ
690	け
691	げ
692	こ
693	ご
694	さ
695	ざ
696	し
697	じ
698	す
699	ず
700	せ
701	ぜ
702	そ
703	ぞ
704	た
705	だ
706	ち
707	ぢ
708	っ
709	つ
710	づ
711	て
712	で
713	と
714	ど
715	な
716	に
717	ぬ
718	ね
719	の
720	は
721	ば
722	ぱ
723	ひ
724	び
725	ぴ
726	ふ
727	ぶ
728	ぷ
729	へ
730	べ
731	ぺ
732	ほ
733	ぼ
734	ぽ
735	ま
736	み
737	む
738	め
739	も
740	ゃ
741	や
742	ゅ
743	ゆ
744	ょ
745	よ
746	ら
747	り
748	る
749	れ
750	ろ
751	ゎ
752	わ
753	ゐ
754	ゑ
755	を
756	ん
757	ゔ
758	゙
759	゚
760	゛
761	゜
762	ゝ
763	ゞ
764	ゟ
765	ァ
766	ア
767	ィ
768	イ
769	ゥ
770	ウ
771	ェ
772	エ
773	ォ
774	オ
775	カ
776	ガ
777	キ
778	ギ
779	ク
780	グ
781	ケ
782	ゲ
783	コ
784	ゴ
785	サ
786	ザ
787	シ
788	ジ
789	ス
790	ズ
791	セ
792	ゼ
793	ソ
794	ゾ
795	タ
796	ダ
797	チ
798	ヂ
799	ッ
800	ツ
801	ヅ
802	テ
803	デ
804	ト
805	ド
806	ナ
807	ニ
808	ヌ
809	ネ
810	ノ
811	ハ
812	バ
813	パ
814	ヒ
815	ビ
816	ピ
817	フ
818	ブ
819	プ
820	ヘ
821	ベ
822	ペ
823	ホ
824	ボ
825	ポ
826	マ
827	ミ
828	ム
829	メ
830	モ
831	ャ
832	ヤ
833	ュ
834	ユ
835	ョ
836	ヨ
837	ラ
838	リ
839	ル
840	レ
841	ロ
842	ヮ
843	ワ
844	ヰ
845	ヱ
846	ヲ
847	ン
848	ヴ
849	ヵ
850	ヶ
851	ヷ
852	ヸ
853	ヹ
854	ヺ
855	・
856	ー
857	ヽ
858	ヾ
859	ヿ
860	ㅁ
861	ㅂ
862	ㅎ
863	ㇰ
864	ㇱ
865	ㇲ
866	ㇳ
867	ㇴ
868	ㇵ
869	ㇶ
870	ㇷ
871	ㇸ
872	ㇹ
873	ㇺ
874	ㇻ
875	ㇼ
876	ㇽ
877	ㇾ
878	ㇿ
879	㊗
880	㊙
881	㍱
882	㎀
883	㎁
884	㎂
885	㎃
886	㎄
887	㎅
888	㎆
889	㎇
890	㎈
891	㎉
892	㎊
893	㎋
894	㎌
895	㎍
896	㎎
897	㎏
898	㎐
899	㎑
900	㎒
901	㎓
902	㎔
903	㎕
904	㎖
905	㎗
906	㎘
907	㎙
908	㎚
909	㎛
910	㎜
911	㎝
912	㎞
913	㎡
914	㎢
915	㎣
916	㎤
917	㎥
918	㎦
919	㎧
920	㎨
921	㎩
922	㎪
923	㎫
924	㎬
925	㎭
926	㎮
927	㎯
928	㎰
929	㎱
930	㎲
931	㎳
932	㎴
933	㎵
934	㎶
935	㎷
936	㎸
937	㎹
938	㎺
939	㎻
940	㎼
941	㎽
942	㎾
943	㎿
944	㏀
945	㏁
946	㏃
947	㏄
948	㏅
949	㏆
950	㏈
951	㏉
952	㏊
953	㏋
954	㏌
955	㏏
956	㏐
957	㏒
958	㏓
959	㏔
960	㏕
961	㏖
962	㏗
963	㏛
964	㏜
965	㏝
966	㐂
967	㓛
968	㔟
969	㚖
970	㝢
971	㟢
972	㥲
973	㭿
974	㮈
975	㮶
976	㯮
977	㹨
978	䅣
979	䐗
980	䡄
981	䱤
982	一
983	丁
984	七
985	丄
986	万
987	丈
988	三
989	上
990	下
991	不
992	与
993	丐
994	丑
995	且
996	丕
997	世
998	丗
999	丘
1000	丙
1001	业
1002	东
1003	丞
1004	両
1005	並
1006	个
1007	丫
1008	中
1009	丰
1010	丱
1011	串
1012	丶
1013	丸
1014	丹
1015	为
1016	主
1017	丼
1018	丽
1019	丿
1020	乂
1021	乃
1022	乄
1023	久
1024	么
1025	之
1026	乍
1027	乎
1028	乏
1029	乐
1030	乕
1031	乖
1032	乗
1033	乘
1034	乙
1035	九
1036	乞
1037	也
1038	乢
1039	乩
1040	乱
1041	乳
1042	乾
1043	亀
1044	亂
1045	亅
1046	了
1047	予
1048	争
1049	亊
1050	事
1051	二
1052	于
1053	云
1054	互
1055	五
1056	井
1057	亘
1058	亙
1059	些
1060	亜
1061	亞
1062	亟
1063	亠
1064	亡
1065	亢
1066	交
1067	亥
1068	亦
1069	亨
1070	享
1071	京
1072	亭
1073	亮
1074	亰
1075	亳
1076	亶
1077	亹
1078	人
1079	亻
1080	什
1081	仁
1082	仂
1083	仄
1084	仆
1085	仇
1086	今
1087	介
1088	仍
1089	从
1090	仏
1091	仔
1092	仕
1093	他
1094	仗
1095	付
1096	仙
1097	仝
1098	仞
1099	仟
1100	代
1101	令
1102	以
1103	仭
1104	仮
1105	仰
1106	仲
1107	仵
1108	件
1109	价
1110	任
1111	份
1112	仿
1113	企
1114	伃
1115	伉
1116	伊
1117	伋
1118	伍
1119	伎
1120	伏
1121	伐
1122	休
1123	会
1124	伜
1125	伝
1126	伦
1127	伯
1128	估
1129	伴
1130	伶
1131	伷
1132	伸
1133	伹
1134	伺
1135	似
1136	伽
1137	伾
1138	佃
1139	但
1140	佇
1141	佋
1142	位
1143	低
1144	住
1145	佐
1146	佑
1147	体
1148	何
1149	佖
1150	佗
1151	佘
1152	余
1153	佚
1154	佛
1155	作
1156	佝
1157	佞
1158	佟
1159	你
1160	佤
1161	佩
1162	佯
1163	佰
1164	佳
1165	併
1166	佶
1167	佺
1168	佻
1169	佼
1170	佽
1171	佾
1172	使
1173	侁
1174	侂
1175	侃
1176	來
1177	侈
1178	侊
1179	例
1180	侍
1181	侏
1182	侑
1183	侒
1184	侔
1185	侖
1186	侗
1187	侘
1188	侚
1189	供
1190	依
1191	侠
1192	価
1193	侫
1194	侭
1195	侮
1196	侯
1197	侵
1198	侶
1199	便
1200	俁
1201	係
1202	促
1203	俄
1204	俅
1205	俉
1206	俊
1207	俋
1208	俎
1209	俏
1210	俐
1211	俑
1212	俒
1213	俔
1214	俗
1215	俘
1216	俚
1217	俛
1218	保
1219	俟
1220	俠
1221	信
1222	俣
1223	俤
1224	俥
1225	修
1226	俯
1227	俱
1228	俳
1229	俵
1230	俶
1231	俸
1232	俺
1233	俾
1234	倂
1235	倅
1236	倆
1237	倉
1238	個
1239	倍
1240	倏
1241	們
1242	倒
1243	倓
1244	倔
1245	倖
1246	候
1247	倚
1248	倜
1249	倞
1250	借
1251	倡
1252	倢
1253	倣
1254	値
1255	倥
1256	倦
1257	倧
1258	倨
1259	倩
1260	倪
1261	倫
1262	倬
1263	倭
1264	倶
1265	倹
1266	倻
1267	偀
1268	偁
1269	偃
1270	偆
1271	假
1272	偈
1273	偉
1274	偏
1275	偐
1276	偓
1277	偕
1278	偖
1279	做
1280	停
1281	健
1282	偦
1283	偬
1284	偰
1285	偲
1286	側
1287	偵
1288	偶
1289	偸
1290	偽
1291	傀
1292	傅
1293	傊
1294	傍
1295	傑
1296	傒
1297	傓
1298	傔
1299	傕
1300	傖
1301	傘
1302	備
1303	傚
1304	傪
1305	催
1306	傭
1307	傲
1308	傳
1309	傴
1310	債
1311	傷
1312	傻
1313	傾
1314	僂
1315	僅
1316	僉
1317	僊
1318	働
1319	像
1320	僐
1321	僑
1322	僔
1323	僕
1324	僖
1325	僘
1326	僙
1327	僚
1328	僞
1329	僡
1330	僣
1331	僥
1332	僦
1333	僧
1334	僩
1335	僭
1336	僮
1337	僰
1338	僲
1339	僴
1340	僵
1341	價
1342	僻
1343	僾
1344	儀
1345	儁
1346	儂
1347	億
1348	儇
1349	儈
1350	儉
1351	儋
1352	儒
1353	儔
1354	儕
1355	儖
1356	儘
1357	儚
1358	儛
1359	儞
1360	償
1361	儡
1362	優
1363	儲
1364	儷
1365	儺
1366	儻
1367	儼
1368	儿
1369	兀
1370	允
1371	元
1372	兄
1373	充
1374	兆
1375	兇
1376	先
1377	光
1378	兊
1379	克
1380	兌
1381	免
1382	兎
1383	児
1384	兒
1385	兔
1386	兕
1387	兗
1388	党
1389	兜
1390	兢
1391	入
1392	內
1393	全
1394	兩
1395	兪
1396	八
1397	公
1398	六
1399	兮
1400	共
1401	兵
1402	其
1403	具
1404	典
1405	兼
1406	冀
1407	冂
1408	冄
1409	内
1410	円
1411	冉
1412	冊
1413	册
1414	再
1415	冏
1416	冐
1417	冑
1418	冒
1419	冓
1420	冕
1421	冖
1422	冗
1423	写
1424	冝
1425	冠
1426	冢
1427	冤
1428	冥
1429	冦
1430	冨
1431	冩
1432	冪
1433	冫
1434	冬
1435	冰
1436	冱
1437	冲
1438	决
1439	冴
1440	况
1441	冶
1442	冷
1443	冻
1444	冼
1445	冽
1446	凄
1447	凅
1448	准
1449	凉
1450	凋
1451	凌
1452	凍
1453	凖
1454	凛
1455	凜
1456	凝
1457	凞
1458	几
1459	凡
1460	処
1461	凧
1462	凩
1463	凪
1464	凭
1465	凮
1466	凯
1467	凰
1468	凱
1469	凵
1470	凶
1471	凸
1472	凹
1473	出
1474	函
1475	凾
1476	刀
1477	刁
1478	刃
1479	刄
1480	分
1481	切
1482	刈
1483	刊
1484	刋
1485	刎
1486	刑
1487	刔
1488	刕
1489	列
1490	初
1491	判
1492	別
1493	刧
1494	利
1495	刪
1496	刮
1497	到
1498	刳
1499	制
1500	刷
1501	券
1502	刹
1503	刺
1504	刻
1505	剃
1506	剄
1507	則
1508	削
1509	剋
1510	剌
1511	前
1512	剏
1513	剔
1514	剖
1515	剗
1516	剛
1517	剝
1518	剞
1519	剡
1520	剣
1521	剤
1522	剥
1523	剩
1524	剪
1525	副
1526	剰
1527	剱
1528	割
1529	剳
1530	剴
1531	創
1532	剽
1533	剿
1534	劃
1535	劇
1536	劈
1537	劉
1538	劍
1539	劏
1540	劑
1541	劒
1542	劔
1543	力
1544	功
1545	加
1546	劣
1547	助
1548	努
1549	劫
1550	劬
1551	劭
1552	励
1553	労
1554	劵
1555	効
1556	劻
1557	劼
1558	劾
1559	勁
1560	勃
1561	勅
1562	勇
1563	勉
1564	勍
1565	勐
1566	勒
1567	動
1568	勗
1569	勘
1570	務
1571	勛
1572	勝
1573	勞
1574	募
1575	勠
1576	勢
1577	勣
1578	勤
1579	勦
1580	勧
1581	勰
1582	勱
1583	勲
1584	勳
1585	勵
1586	勸
1587	勹
1588	勺
1589	勻
1590	勾
1591	勿
1592	匀
1593	匁
1594	匂
1595	匄
1596	包
1597	匆
1598	匈
1599	匋
1600	匍
1601	匏
1602	匐
1603	匕
1604	化
1605	北
1606	匙
1607	匚
1608	匜
1609	匝
1610	匠
1611	匡
1612	匣
1613	匪
1614	匯
1615	匱
1616	匳
1617	匸
1618	匹
1619	区
1620	医
1621	匾
1622	匿
1623	區
1624	十
1625	千
1626	卅
1627	卆
1628	升
1629	午
1630	卉
1631	半
1632	卍
1633	卑
1634	卒
1635	卓
1636	協
1637	南
1638	単
1639	博
1640	卜
1641	卞
1642	占
1643	卡
1644	卣
1645	卦
1646	卩
1647	卬
1648	卮
1649	卯
1650	印
1651	危
1652	即
1653	却
1654	卵
1655	卷
1656	卸
1657	卻
1658	卽
1659	卿
1660	厂
1661	厄
1662	厓
1663	厖
1664	厘
1665	厙
1666	厚
1667	厝
1668	原
1669	厠
1670	厥
1671	厦
1672	厨
1673	厩
1674	厭
1675	厮
1676	厰
1677	厲
1678	厳
1679	厴
1680	厷
1681	去
1682	参
1683	參
1684	又
1685	叉
1686	及
1687	友
1688	双
1689	反
1690	収
1691	叔
1692	取
1693	受
1694	叙
1695	叛
1696	叟
1697	叡
1698	叢
1699	口
1700	古
1701	句
1702	叨
1703	叩
1704	只
1705	叫
1706	召
1707	叭
1708	叮
1709	可
1710	台
1711	叱
1712	史
1713	右
1714	叶
1715	号
1716	司
1717	叺
1718	吁
1719	吃
1720	各
1721	合
1722	吉
1723	吊
1724	吋
1725	同
1726	名
1727	后
1728	吏
1729	吐
1730	向
1731	吒
1732	君
1733	吝
1734	吞
1735	吟
1736	吠
1737	否
1738	吧
1739	吩
1740	含
1741	听
1742	吭
1743	吮
1744	吴
1745	吶
1746	吸
1747	吹
1748	吻
1749	吼
1750	吽
1751	吾
1752	呀
1753	呂
1754	呆
1755	呈
1756	呉
1757	告
1758	呍
1759	呎
1760	呑
1761	呕
1762	呟
1763	呦
1764	周
1765	呪
1766	呰
1767	呱
1768	味
1769	呴
1770	呵
1771	呶
1772	呷
1773	呻
1774	呼
1775	命
1776	咀
1777	咄
1778	咆
1779	咈
1780	咋
1781	和
1782	咎
1783	咏
1784	咐
1785	咒
1786	咖
1787	咜
1788	咢
1789	咤
1790	咥
1791	咨
1792	咩
1793	咫
1794	咬
1795	咯
1796	咲
1797	咳
1798	咸
1799	咼
1800	咽
1801	咾
1802	哀
1803	品
1804	哂
1805	哄
1806	哆
1807	哇
1808	哈
1809	哉
1810	哘
1811	員
1812	哢
1813	哥
1814	哦
1815	哨
1816	哩
1817	哪
1818	哭
1819	哮
1820	哱
1821	哲
1822	哺
1823	哽
1824	哿
1825	唄
1826	唆
1827	唇
1828	唎
1829	唏
1830	唐
1831	唔
1832	唖
1833	售
1834	唯
1835	唱
1836	唳
1837	唸
1838	唹
1839	唼
1840	唾
1841	啀
1842	啄
1843	啅
1844	商
1845	啌
1846	問
1847	啐
1848	啓
1849	啖
1850	啗
1851	啜
1852	啝
1853	啞
1854	啠
1855	啣
1856	啤
1857	啻
1858	啼
1859	啾
1860	喀
1861	喃
1862	善
1863	喆
1864	喇
1865	喉
1866	喊
1867	喋
1868	喎
1869	喘
1870	喙
1871	喚
1872	喜
1873	喝
1874	喞
1875	喟
1876	喧
1877	喨
1878	喩
1879	喪
1880	喫
1881	喬
1882	單
1883	喰
1884	営
1885	嗄
1886	嗅
1887	嗇
1888	嗒
1889	嗔
1890	嗚
1891	嗜
1892	嗟
1893	嗣
1894	嗤
1895	嗶
1896	嗷
1897	嗹
1898	嗽
1899	嗾
1900	嘆
1901	嘉
1902	嘎
1903	嘏
1904	嘔
1905	嘖
1906	嘗
1907	嘘
1908	嘛
1909	嘩
1910	嘯
1911	嘱
1912	嘲
1913	嘴
1914	嘶
1915	嘸
1916	噀
1917	噂
1918	噌
1919	噎
1920	噐
1921	噓
1922	噛
1923	噤
1924	噦
1925	器
1926	噪
1927	噫
1928	噬
1929	噯
1930	噲
1931	噴
1932	噶
1933	噸
1934	噺
1935	嚀
1936	嚆
1937	嚇
1938	嚊
1939	嚏
1940	嚔
1941	嚙
1942	嚠
1943	嚢
1944	嚥
1945	嚭
1946	嚮
1947	嚴
1948	嚶
1949	嚼
1950	囀
1951	囁
1952	囂
1953	囃
1954	囈
1955	囉
1956	囊
1957	囎
1958	囑
1959	囓
1960	囗
1961	囘
1962	囚
1963	四
1964	回
1965	因
1966	団
1967	囮
1968	困
1969	囲
1970	図
1971	囷
1972	囹
1973	固
1974	国
1975	囿
1976	圀
1977	圃
1978	圄
1979	圆
1980	圈
1981	圉
1982	國
1983	圍
1984	圏
1985	園
1986	圓
1987	圕
1988	圖
1989	團
1990	圜
1991	土
1992	圡
1993	圦
1994	圧
1995	在
1996	圩
1997	圭
1998	地
1999	圳
2000	圷
2001	圸
2002	圻
2003	址
2004	坂
2005	均
2006	坊
2007	坌
2008	坍
2009	坎
2010	坏
2011	坐
2012	坑
2013	坝
2014	坡
2015	坤
2016	坦
2017	坨
2018	坩
2019	坪
2020	坮
2021	坳
2022	坵
2023	坻
2024	坿
2025	垂
2026	垈
2027	垉
2028	型
2029	垍
2030	垓
2031	垕
2032	垙
2033	垜
2034	垠
2035	垡
2036	垢
2037	垣
2038	垤
2039	垪
2040	垰
2041	垳
2042	垸
2043	埀
2044	埃
2045	埆
2046	埇
2047	埈
2048	埋
2049	城
2050	埒
2051	埓
2052	埔
2053	埕
2054	埖
2055	埗
2056	埜
2057	域
2058	埠
2059	埣
2060	埤
2061	埭
2062	埴
2063	埵
2064	執
2065	培
2066	基
2067	埼
2068	埿
2069	堀
2070	堂
2071	堃
2072	堅
2073	堆
2074	堈
2075	堉
2076	堊
2077	堋
2078	堕
2079	堙
2080	堝
2081	堡
2082	堤
2083	堪
2084	堯
2085	堰
2086	報
2087	場
2088	堵
2089	堺
2090	堽
2091	堿
2092	塀
2093	塁
2094	塅
2095	塊
2096	塋
2097	塌
2098	塑
2099	塒
2100	塔
2101	塕
2102	塗
2103	塘
2104	塙
2105	塚
2106	塞
2107	塡
2108	塢
2109	塨
2110	塩
2111	填
2112	塰
2113	塱
2114	塲
2115	塵
2116	塹
2117	塼
2118	塾
2119	墀
2120	境
2121	墅
2122	墉
2123	墊
2124	墓
2125	墔
2126	増
2127	墜
2128	增
2129	墟
2130	墡
2131	墨
2132	墩
2133	墫
2134	墮
2135	墳
2136	墸
2137	墹
2138	墺
2139	墻
2140	墾
2141	壁
2142	壅
2143	壇
2144	壊
2145	壌
2146	壎
2147	壑
2148	壒
2149	壓
2150	壕
2151	壗
2152	壘
2153	壙
2154	壜
2155	壞
2156	壟
2157	壠
2158	壡
2159	壢
2160	壤
2161	壥
2162	壩
2163	士
2164	壬
2165	壮
2166	壯
2167	声
2168	壱
2169	売
2170	壷
2171	壹
2172	壺
2173	壻
2174	壼
2175	壽
2176	変
2177	夊
2178	夋
2179	夏
2180	夐
2181	夓
2182	夔
2183	夕
2184	外
2185	夘
2186	夙
2187	多
2188	夛
2189	夜
2190	夢
2191	夤
2192	夥
2193	大
2194	天
2195	太
2196	夫
2197	夬
2198	夭
2199	央
2200	失
2201	夲
2202	夷
2203	夸
2204	夾
2205	奄
2206	奇
2207	奈
2208	奉
2209	奎
2210	奏
2211	奐
2212	契
2213	奔
2214	奕
2215	套
2216	奘
2217	奚
2218	奝
2219	奠
2220	奢
2221	奥
2222	奧
2223	奨
2224	奩
2225	奪
2226	奫
2227	奬
2228	奭
2229	奮
2230	奯
2231	奲
2232	女
2233	奴
2234	奶
2235	奸
2236	好
2237	妁
2238	如
2239	妃
2240	妄
2241	妊
2242	妌
2243	妍
2244	妏
2245	妓
2246	妖
2247	妙
2248	妛
2249	妝
2250	妟
2251	妣
2252	妤
2253	妥
2254	妨
2255	妬
2256	妮
2257	妲
2258	妹
2259	妺
2260	妻
2261	妾
2262	姆
2263	姈
2264	姉
2265	始
2266	姐
2267	姑
2268	姒
2269	姓
2270	委
2271	姙
2272	姚
2273	姜
2274	姝
2275	姞
2276	姣
2277	姥
2278	姦
2279	姧
2280	姨
2281	姪
2282	姫
2283	姬
2284	姶
2285	姸
2286	姻
2287	姿
2288	娀
2289	威
2290	娃
2291	娇
2292	娉
2293	娍
2294	娑
2295	娘
2296	娚
2297	娜
2298	娟
2299	娠
2300	娥
2301	娩
2302	娯
2303	娵
2304	娶
2305	娼
2306	婀
2307	婁
2308	婆
2309	婉
2310	婕
2311	婚
2312	婢
2313	婣
2314	婦
2315	婧
2316	婪
2317	婬
2318	婷
2319	婺
2320	婿
2321	媄
2322	媋
2323	媒
2324	媓
2325	媖
2326	媚
2327	媛
2328	媧
2329	媳
2330	媺
2331	媼
2332	媽
2333	媾
2334	嫁
2335	嫂
2336	嫄
2337	嫉
2338	嫋
2339	嫌
2340	嫐
2341	嫖
2342	嫗
2343	嫡
2344	嫣
2345	嫥
2346	嫦
2347	嫩
2348	嫮
2349	嫺
2350	嫻
2351	嬀
2352	嬁
2353	嬃
2354	嬉
2355	嬋
2356	嬌
2357	嬖
2358	嬗
2359	嬙
2360	嬢
2361	嬥
2362	嬪
2363	嬬
2364	嬭
2365	嬰
2366	嬲
2367	嬴
2368	嬶
2369	嬾
2370	孀
2371	孁
2372	孃
2373	孅
2374	孌
2375	子
2376	孑
2377	孔
2378	孕
2379	字
2380	存
2381	孚
2382	孛
2383	孜
2384	孝
2385	孟
2386	季
2387	孤
2388	孥
2389	学
2390	孩
2391	孫
2392	孰
2393	孱
2394	孳
2395	孵
2396	學
2397	孺
2398	孼
2399	孽
2400	宀
2401	它
2402	宅
2403	宇
2404	守
2405	安
2406	宋
2407	完
2408	宍
2409	宏
2410	宓
2411	宕
2412	宗
2413	官
2414	宙
2415	定
2416	宛
2417	宜
2418	宝
2419	実
2420	客
2421	宣
2422	室
2423	宥
2424	宦
2425	宮
2426	宰
2427	害
2428	宴
2429	宵
2430	家
2431	宷
2432	宸
2433	容
2434	宿
2435	寀
2436	寂
2437	寃
2438	寄
2439	寅
2440	密
2441	寇
2442	寉
2443	富
2444	寐
2445	寒
2446	寓
2447	寔
2448	寘
2449	寚
2450	寛
2451	寝
2452	寞
2453	察
2454	寡
2455	寢
2456	寤
2457	寥
2458	實
2459	寧
2460	寨
2461	審
2462	寫
2463	寬
2464	寮
2465	寰
2466	寳
2467	寵
2468	寶
2469	寸
2470	寺
2471	対
2472	寿
2473	封
2474	専
2475	射
2476	尅
2477	将
2478	將
2479	專
2480	尉
2481	尊
2482	尋
2483	對
2484	導
2485	小
2486	少
2487	尒
2488	尓
2489	尔
2490	尖
2491	尚
2492	尞
2493	尠
2494	尢
2495	尤
2496	尨
2497	尩
2498	尫
2499	尭
2500	就
2501	尸
2502	尹
2503	尺
2504	尻
2505	尼
2506	尽
2507	尾
2508	尿
2509	局
2510	屁
2511	居
2512	屆
2513	屈
2514	届
2515	屋
2516	屍
2517	屎
2518	屏
2519	屐
2520	屑
2521	屓
2522	展
2523	屛
2524	属
2525	屠
2526	屡
2527	屢
2528	層
2529	履
2530	屬
2531	屮
2532	屯
2533	山
2534	屶
2535	屹
2536	岌
2537	岐
2538	岑
2539	岔
2540	岡
2541	岢
2542	岨
2543	岩
2544	岪
2545	岫
2546	岬
2547	岱
2548	岳
2549	岶
2550	岷
2551	岸
2552	岺
2553	岻
2554	岼
2555	岾
2556	峅
2557	峇
2558	峒
2559	峘
2560	峙
2561	峠
2562	峡
2563	峨
2564	峩
2565	峪
2566	峭
2567	峮
2568	峯
2569	峰
2570	峴
2571	島
2572	峺
2573	峻
2574	峽
2575	崁
2576	崆
2577	崇
2578	崋
2579	崍
2580	崎
2581	崑
2582	崔
2583	崕
2584	崖
2585	崗
2586	崘
2587	崙
2588	崚
2589	崛
2590	崞
2591	崟
2592	崢
2593	崧
2594	崩
2595	崱
2596	崴
2597	崹
2598	嵆
2599	嵊
2600	嵋
2601	嵌
2602	嵎
2603	嵐
2604	嵒
2605	嵓
2606	嵜
2607	嵩
2608	嵬
2609	嵯
2610	嵳
2611	嵶
2612	嶂
2613	嶄
2614	嶇
2615	嶋
2616	嶌
2617	嶐
2618	嶗
2619	嶝
2620	嶠
2621	嶢
2622	嶧
2623	嶬
2624	嶮
2625	嶲
2626	嶷
2627	嶸
2628	嶺
2629	嶼
2630	嶽
2631	巉
2632	巋
2633	巌
2634	巍
2635	巎
2636	巒
2637	巓
2638	巖
2639	巛
2640	川
2641	州
2642	巠
2643	巡
2644	巢
2645	巣
2646	工
2647	左
2648	巧
2649	巨
2650	巫
2651	差
2652	己
2653	已
2654	巳
2655	巴
2656	巵
2657	巷
2658	巻
2659	巽
2660	巾
2661	市
2662	布
2663	帆
2664	帋
2665	希
2666	帑
2667	帕
2668	帖
2669	帙
2670	帚
2671	帛
2672	帝
2673	帠
2674	帥
2675	師
2676	席
2677	帮
2678	帯
2679	帰
2680	帳
2681	帶
2682	帷
2683	常
2684	帽
2685	帾
2686	幀
2687	幃
2688	幄
2689	幅
2690	幇
2691	幌
2692	幎
2693	幔
2694	幕
2695	幖
2696	幗
2697	幘
2698	幟
2699	幡
2700	幢
2701	幣
2702	幤
2703	幫
2704	干
2705	平
2706	年
2707	幵
2708	并
2709	幸
2710	幹
2711	幺
2712	幻
2713	幼
2714	幽
2715	幾
2716	广
2717	庁
2718	広
2719	庄
2720	庇
2721	床
2722	序
2723	底
2724	庖
2725	店
2726	庚
2727	府
2728	庠
2729	度
2730	座
2731	庫
2732	庬
2733	庭
2734	庲
2735	庵
2736	庶
2737	康
2738	庸
2739	庹
2740	庾
2741	廁
2742	廂
2743	廃
2744	廆
2745	廈
2746	廉
2747	廊
2748	廋
2749	廏
2750	廐
2751	廓
2752	廕
2753	廖
2754	廙
2755	廚
2756	廛
2757	廝
2758	廞
2759	廟
2760	廠
2761	廡
2762	廢
2763	廣
2764	廨
2765	廩
2766	廬
2767	廰
2768	廱
2769	廳
2770	廴
2771	延
2772	廷
2773	廸
2774	建
2775	廻
2776	廼
2777	廾
2778	廿
2779	弁
2780	异
2781	弃
2782	弄
2783	弇
2784	弉
2785	弊
2786	弋
2787	弌
2788	弍
2789	式
2790	弐
2791	弑
2792	弓
2793	弔
2794	引
2795	弖
2796	弗
2797	弘
2798	弛
2799	弟
2800	弢
2801	弥
2802	弦
2803	弧
2804	弨
2805	弩
2806	弭
2807	弯
2808	弱
2809	弴
2810	張
2811	強
2812	弸
2813	弼
2814	弾
2815	彁
2816	彅
2817	彈
2818	彊
2819	彌
2820	彎
2821	彐
2822	当
2823	彖
2824	彗
2825	彙
2826	彜
2827	彝
2828	彠
2829	彡
2830	形
2831	彣
2832	彤
2833	彥
2834	彦
2835	彧
2836	彩
2837	彪
2838	彫
2839	彬
2840	彭
2841	彰
2842	影
2843	彳
2844	彷
2845	役
2846	彼
2847	彽
2848	彿
2849	往
2850	征
2851	徂
2852	徃
2853	径
2854	待
2855	徇
2856	很
2857	徊
2858	律
2859	後
2860	徐
2861	徑
2862	徒
2863	従
2864	得
2865	徘
2866	徙
2867	從
2868	徠
2869	御
2870	徧
2871	徨
2872	復
2873	循
2874	徭
2875	微
2876	徳
2877	徴
2878	徵
2879	德
2880	徸
2881	徹
2882	徼
2883	徽
2884	心
2885	必
2886	忉
2887	忌
2888	忍
2889	忒
2890	忖
2891	志
2892	忘
2893	忙
2894	応
2895	忝
2896	忞
2897	忠
2898	忢
2899	忤
2900	忩
2901	快
2902	忯
2903	忰
2904	忱
2905	念
2906	忸
2907	忻
2908	忽
2909	忿
2910	怎
2911	怏
2912	怐
2913	怒
2914	怕
2915	怖
2916	怘
2917	怙
2918	怛
2919	怜
2920	思
2921	怠
2922	怡
2923	急
2924	怦
2925	性
2926	怨
2927	怩
2928	怪
2929	怫
2930	怯
2931	怱
2932	怺
2933	恁
2934	恂
2935	恃
2936	恆
2937	恊
2938	恋
2939	恍
2940	恐
2941	恒
2942	恕
2943	恙
2944	恚
2945	恟
2946	恠
2947	恢
2948	恣
2949	恤
2950	恥
2951	恨
2952	恩
2953	恪
2954	恫
2955	恬
2956	恭
2957	息
2958	恰
2959	恵
2960	恷
2961	悁
2962	悃
2963	悄
2964	悅
2965	悆
2966	悉
2967	悊
2968	悋
2969	悌
2970	悍
2971	悒
2972	悔
2973	悕
2974	悖
2975	悗
2976	悚
2977	悛
2978	悝
2979	悟
2980	悠
2981	患
2982	悦
2983	悧
2984	悩
2985	悪
2986	悰
2987	悲
2988	悳
2989	悴
2990	悵
2991	悶
2992	悸
2993	悼
2994	悽
2995	情
2996	惆
2997	惇
2998	惑
2999	惓
3000	惔
3001	惕
3002	惘
3003	惚
3004	惜
3005	惟
3006	惠
3007	惡
3008	惣
3009	惧
3010	惨
3011	惰
3012	惱
3013	惲
3014	想
3015	惴
3016	惶
3017	惷
3018	惹
3019	惺
3020	惻
3021	愀
3022	愁
3023	愃
3024	愆
3025	愈
3026	愉
3027	愍
3028	愎
3029	意
3030	愔
3031	愕
3032	愚
3033	愛
3034	感
3035	愡
3036	愧
3037	愨
3038	愫
3039	愬
3040	愰
3041	愴
3042	愷
3043	愼
3044	愽
3045	愾
3046	愿
3047	慂
3048	慄
3049	慇
3050	慈
3051	慊
3052	態
3053	慌
3054	慍
3055	慎
3056	慓
3057	慕
3058	慘
3059	慙
3060	慚
3061	慝
3062	慟
3063	慢
3064	慣
3065	慥
3066	慧
3067	慨
3068	慫
3069	慮
3070	慯
3071	慰
3072	慱
3073	慳
3074	慴
3075	慵
3076	慶
3077	慷
3078	慾
3079	憂
3080	憇
3081	憊
3082	憍
3083	憎
3084	憐
3085	憑
3086	憔
3087	憖
3088	憙
3089	憚
3090	憤
3091	憧
3092	憨
3093	憩
3094	憫
3095	憬
3096	憮
3097	憲
3098	憶
3099	憺
3100	憾
3101	懃
3102	懆
3103	懇
3104	懈
3105	應
3106	懊
3107	懋
3108	懌
3109	懍
3110	懐
3111	懣
3112	懦
3113	懲
3114	懴
3115	懶
3116	懷
3117	懸
3118	懺
3119	懼
3120	懽
3121	懾
3122	懿
3123	戀
3124	戇
3125	戈
3126	戉
3127	戊
3128	戌
3129	戍
3130	戎
3131	成
3132	我
3133	戒
3134	戔
3135	或
3136	战
3137	戚
3138	戛
3139	戝
3140	戞
3141	戟
3142	戡
3143	戢
3144	戦
3145	戩
3146	截
3147	戬
3148	戮
3149	戯
3150	戰
3151	戲
3152	戳
3153	戴
3154	戸
3155	戻
3156	戾
3157	房
3158	所
3159	扁
3160	扆
3161	扇
3162	扈
3163	扉
3164	手
3165	才
3166	扎
3167	扒
3168	打
3169	払
3170	托
3171	扛
3172	扞
3173	扠
3174	扣
3175	扨
3176	扮
3177	扱
3178	扶
3179	批
3180	扼
3181	找
3182	承
3183	技
3184	抂
3185	抃
3186	抄
3187	抉
3188	把
3189	抑
3190	抒
3191	抓
3192	抔
3193	投
3194	抖
3195	抗
3196	折
3197	抛
3198	抜
3199	択
3200	抦
3201	披
3202	抬
3203	抱
3204	抵
3205	抹
3206	抻
3207	押
3208	抽
3209	拂
3210	担
3211	拆
3212	拇
3213	拈
3214	拉
3215	拊
3216	拌
3217	拍
3218	拏
3219	拐
3220	拑
3221	拒
3222	拓
3223	拔
3224	拕
3225	拖
3226	拗
3227	拘
3228	拙
3229	招
3230	拜
3231	拝
3232	拟
3233	拠
3234	拡
3235	括
3236	拭
3237	拮
3238	拯
3239	拱
3240	拳
3241	拵
3242	拶
3243	拷
3244	拼
3245	拾
3246	拿
3247	持
3248	挂
3249	指
3250	挈
3251	按
3252	挊
3253	挌
3254	挍
3255	挐
3256	挑
3257	挖
3258	挘
3259	挙
3260	挟
3261	挧
3262	挨
3263	挫
3264	振
3265	挵
3266	挹
3267	挺
3268	挽
3269	挾
3270	挿
3271	捃
3272	捉
3273	捌
3274	捍
3275	捏
3276	捐
3277	捕
3278	捗
3279	捘
3280	捜
3281	捥
3282	捧
3283	捨
3284	捩
3285	捫
3286	据
3287	捲
3288	捴
3289	捶
3290	捷
3291	捺
3292	捻
3293	掀
3294	掃
3295	掄
3296	掇
3297	授
3298	掉
3299	掌
3300	掎
3301	掏
3302	排
3303	掖
3304	掘
3305	掛
3306	掟
3307	掠
3308	採
3309	探
3310	掣
3311	接
3312	控
3313	推
3314	掩
3315	措
3316	掫
3317	掬
3318	掲
3319	掴
3320	掵
3321	掻
3322	掾
3323	揀
3324	揃
3325	揄
3326	揆
3327	揉
3328	描
3329	提
3330	插
3331	揖
3332	揚
3333	換
3334	握
3335	揣
3336	揥
3337	揩
3338	揭
3339	揮
3340	援
3341	揶
3342	揷
3343	揺
3344	搆
3345	損
3346	搏
3347	搓
3348	搔
3349	搖
3350	搗
3351	搜
3352	搦
3353	搨
3354	搩
3355	搬
3356	搭
3357	搴
3358	搶
3359	携
3360	搾
3361	摂
3362	摎
3363	摑
3364	摘
3365	摛
3366	摜
3367	摠
3368	摧
3369	摩
3370	摭
3371	摯
3372	摶
3373	摸
3374	摹
3375	摺
3376	撃
3377	撈
3378	撒
3379	撓
3380	撕
3381	撙
3382	撚
3383	撝
3384	撞
3385	撤
3386	撥
3387	撩
3388	撫
3389	播
3390	撮
3391	撰
3392	撲
3393	撹
3394	撻
3395	撼
3396	撾
3397	撿
3398	擁
3399	擂
3400	擅
3401	擇
3402	擊
3403	操
3404	擒
3405	擔
3406	擘
3407	據
3408	擠
3409	擡
3410	擢
3411	擣
3412	擤
3413	擦
3414	擧
3415	擬
3416	擯
3417	擱
3418	擲
3419	擴
3420	擶
3421	擺
3422	擻
3423	擽
3424	擾
3425	攀
3426	攄
3427	攅
3428	攘
3429	攜
3430	攝
3431	攢
3432	攣
3433	攤
3434	攪
3435	攫
3436	攬
3437	支
3438	攴
3439	攵
3440	收
3441	攷
3442	攸
3443	改
3444	攻
3445	放
3446	政
3447	故
3448	效
3449	敍
3450	敎
3451	敏
3452	救
3453	敕
3454	敖
3455	敗
3456	敘
3457	教
3458	敝
3459	敞
3460	敢
3461	散
3462	敦
3463	敧
3464	敬
3465	数
3466	敲
3467	整
3468	敵
3469	敷
3470	數
3471	敻
3472	斂
3473	斃
3474	斅
3475	文
3476	斈
3477	斉
3478	斌
3479	斎
3480	斐
3481	斑
3482	斕
3483	斗
3484	料
3485	斛
3486	斜
3487	斟
3488	斡
3489	斤
3490	斥
3491	斧
3492	斫
3493	斬
3494	断
3495	斯
3496	新
3497	斷
3498	方
3499	於
3500	施
3501	斿
3502	旁
3503	旃
3504	旄
3505	旅
3506	旆
3507	旉
3508	旋
3509	旌
3510	族
3511	旒
3512	旗
3513	旙
3514	旛
3515	无
3516	既
3517	日
3518	旦
3519	旧
3520	旨
3521	早
3522	旬
3523	旭
3524	旱
3525	旲
3526	旴
3527	旹
3528	旺
3529	旻
3530	旼
3531	旿
3532	昀
3533	昂
3534	昃
3535	昆
3536	昇
3537	昉
3538	昊
3539	昋
3540	昌
3541	明
3542	昏
3543	易
3544	昔
3545	昕
3546	昜
3547	昞
3548	星
3549	映
3550	昤
3551	春
3552	昧
3553	昨
3554	昪
3555	昫
3556	昭
3557	是
3558	昱
3559	昴
3560	昵
3561	昶
3562	昺
3563	昻
3564	昼
3565	昿
3566	晁
3567	時
3568	晃
3569	晄
3570	晈
3571	晉
3572	晋
3573	晌
3574	晏
3575	晒
3576	晓
3577	晗
3578	晙
3579	晚
3580	晛
3581	晝
3582	晞
3583	晟
3584	晡
3585	晢
3586	晤
3587	晦
3588	晧
3589	晨
3590	晩
3591	普
3592	景
3593	晰
3594	晳
3595	晴
3596	晶
3597	晷
3598	智
3599	暁
3600	暃
3601	暄
3602	暇
3603	暈
3604	暉
3605	暊
3606	暎
3607	暐
3608	暑
3609	暖
3610	暗
3611	暘
3612	暝
3613	暠
3614	暢
3615	暦
3616	暫
3617	暮
3618	暱
3619	暲
3620	暴
3621	暸
3622	暹
3623	暻
3624	暼
3625	暾
3626	曁
3627	曄
3628	曆
3629	曇
3630	曈
3631	曉
3632	曖
3633	曙
3634	曚
3635	曜
3636	曝
3637	曠
3638	曦
3639	曩
3640	曬
3641	曰
3642	曲
3643	曳
3644	更
3645	曵
3646	曶
3647	曷
3648	書
3649	曹
3650	曺
3651	曻
3652	曼
3653	曽
3654	曾
3655	替
3656	最
3657	會
3658	朅
3659	月
3660	有
3661	朋
3662	服
3663	朏
3664	朓
3665	朔
3666	朕
3667	朖
3668	朗
3669	望
3670	朝
3671	朞
3672	期
3673	朦
3674	朧
3675	木
3676	未
3677	末
3678	本
3679	札
3680	朮
3681	术
3682	朱
3683	朳
3684	朴
3685	朶
3686	朷
3687	朸
3688	机
3689	朽
3690	朿
3691	杁
3692	杆
3693	杈
3694	杉
3695	杌
3696	李
3697	杏
3698	材
3699	村
3700	杓
3701	杖
3702	杙
3703	杜
3704	杞
3705	束
3706	杠
3707	条
3708	杢
3709	杣
3710	杤
3711	来
3712	杦
3713	杪
3714	杬
3715	杭
3716	杮
3717	杯
3718	杰
3719	東
3720	杲
3721	杳
3722	杵
3723	杷
3724	杻
3725	杼
3726	松
3727	板
3728	极
3729	枅
3730	枇
3731	枉
3732	枋
3733	枌
3734	析
3735	枓
3736	枕
3737	林
3738	枘
3739	枚
3740	枛
3741	果
3742	枝
3743	枠
3744	枡
3745	枢
3746	枦
3747	枩
3748	枯
3749	枲
3750	枳
3751	枴
3752	架
3753	枷
3754	枸
3755	枹
3756	枻
3757	柀
3758	柁
3759	柃
3760	柄
3761	柆
3762	柊
3763	柎
3764	柏
3765	某
3766	柑
3767	染
3768	柔
3769	柗
3770	柘
3771	柚
3772	柜
3773	柝
3774	柞
3775	柢
3776	柤
3777	柧
3778	柩
3779	柬
3780	柮
3781	柯
3782	柱
3783	柳
3784	柴
3785	柵
3786	査
3787	柾
3788	柿
3789	栁
3790	栂
3791	栃
3792	栄
3793	栓
3794	栖
3795	栗
3796	栘
3797	栞
3798	校
3799	栢
3800	栩
3801	株
3802	栫
3803	栯
3804	栱
3805	栲
3806	栴
3807	核
3808	根
3809	栻
3810	格
3811	栽
3812	栾
3813	桀
3814	桁
3815	桂
3816	桃
3817	桅
3818	框
3819	案
3820	桍
3821	桎
3822	桐
3823	桑
3824	桒
3825	桓
3826	桔
3827	桕
3828	桙
3829	桛
3830	桜
3831	桝
3832	桟
3833	档
3834	桧
3835	桫
3836	桯
3837	桲
3838	桴
3839	桶
3840	桷
3841	桺
3842	桾
3843	桿
3844	梁
3845	梃
3846	梅
3847	梆
3848	梈
3849	梍
3850	梏
3851	梓
3852	梔
3853	梗
3854	梛
3855	條
3856	梟
3857	梠
3858	梢
3859	梣
3860	梥
3861	梦
3862	梧
3863	梨
3864	梭
3865	梯
3866	械
3867	梱
3868	梲
3869	梳
3870	梴
3871	梵
3872	梶
3873	梹
3874	梺
3875	梻
3876	梼
3877	棃
3878	棄
3879	棆
3880	棈
3881	棉
3882	棊
3883	棋
3884	棍
3885	棐
3886	棒
3887	棓
3888	棔
3889	棕
3890	棖
3891	棗
3892	棘
3893	棚
3894	棟
3895	棠
3896	棡
3897	棣
3898	棧
3899	棨
3900	棫
3901	棭
3902	森
3903	棯
3904	棰
3905	棱
3906	棲
3907	棵
3908	棹
3909	棺
3910	棻
3911	椀
3912	椁
3913	椄
3914	椅
3915	椈
3916	椋
3917	椌
3918	植
3919	椎
3920	椏
3921	椒
3922	椙
3923	椚
3924	椛
3925	検
3926	椡
3927	椢
3928	椣
3929	椥
3930	椦
3931	椨
3932	椪
3933	椰
3934	椴
3935	椵
3936	椶
3937	椹
3938	椽
3939	椿
3940	楂
3941	楉
3942	楊
3943	楓
3944	楔
3945	楕
3946	楘
3947	楙
3948	楚
3949	楜
3950	楝
3951	楞
3952	楠
3953	楡
3954	楢
3955	楣
3956	楤
3957	楨
3958	楩
3959	楪
3960	楫
3961	業
3962	楮
3963	楯
3964	楲
3965	楳
3966	楴
3967	極
3968	楷
3969	楸
3970	楹
3971	楼
3972	楽
3973	楾
3974	榀
3975	榁
3976	概
3977	榊
3978	榎
3979	榑
3980	榔
3981	榕
3982	榘
3983	榛
3984	榜
3985	榠
3986	榤
3987	榦
3988	榧
3989	榮
3990	榱
3991	榲
3992	榴
3993	榷
3994	榻
3995	榼
3996	榾
3997	榿
3998	槁
3999	槃
4000	槇
4001	槊
4002	構
4003	槌
4004	槍
4005	槎
4006	槐
4007	槓
4008	槖
4009	様
4010	槙
4011	槝
4012	槞
4013	槧
4014	槨
4015	槩
4016	槪
4017	槫
4018	槭
4019	槲
4020	槵
4021	槹
4022	槻
4023	槽
4024	槿
4025	樂
4026	樅
4027	樊
4028	樋
4029	樌
4030	樏
4031	樑
4032	樒
4033	樓
4034	樔
4035	樗
4036	標
4037	樛
4038	樝
4039	樞
4040	樟
4041	模
4042	樢
4043	樣
4044	樨
4045	権
4046	横
4047	樫
4048	樮
4049	樵
4050	樶
4051	樸
4052	樹
4053	樺
4054	樽
4055	樾
4056	橄
4057	橅
4058	橇
4059	橈
4060	橉
4061	橋
4062	橐
4063	橖
4064	橘
4065	橙
4066	橛
4067	機
4068	橡
4069	橢
4070	橦
4071	橪
4072	橫
4073	橲
4074	橳
4075	橸
4076	橿
4077	檀
4078	檄
4079	檇
4080	檉
4081	檍
4082	檎
4083	檐
4084	檔
4085	檗
4086	檜
4087	檝
4088	檞
4089	檠
4090	檢
4091	檣
4092	檪
4093	檫
4094	檬
4095	檮
4096	檳
4097	檸
4098	檻
4099	櫁
4100	櫂
4101	櫃
4102	櫑
4103	櫓
4104	櫚
4105	櫛
4106	櫞
4107	櫟
4108	櫧
4109	櫨
4110	櫪
4111	櫬
4112	櫲
4113	櫺
4114	櫻
4115	櫼
4116	欄
4117	欅
4118	欉
4119	權
4120	欏
4121	欒
4122	欖
4123	欝
4124	欟
4125	欠
4126	次
4127	欢
4128	欣
4129	欧
4130	欨
4131	欲
4132	欵
4133	欷
4134	欸
4135	欹
4136	欺
4137	欽
4138	款
4139	歃
4140	歆
4141	歇
4142	歉
4143	歌
4144	歎
4145	歐
4146	歓
4147	歔
4148	歙
4149	歛
4150	歟
4151	歡
4152	止
4153	正
4154	此
4155	步
4156	武
4157	歧
4158	歩
4159	歪
4160	歯
4161	歲
4162	歳
4163	歴
4164	歵
4165	歷
4166	歸
4167	歹
4168	死
4169	歿
4170	殀
4171	殃
4172	殄
4173	殆
4174	殉
4175	殊
4176	残
4177	殍
4178	殕
4179	殖
4180	殘
4181	殞
4182	殤
4183	殪
4184	殫
4185	殯
4186	殱
4187	殲
4188	殳
4189	殴
4190	段
4191	殷
4192	殺
4193	殻
4194	殼
4195	殾
4196	殿
4197	毀
4198	毅
4199	毆
4200	毉
4201	毋
4202	毌
4203	母
4204	毎
4205	每
4206	毒
4207	毓
4208	比
4209	毖
4210	毗
4211	毘
4212	毛
4213	毟
4214	毫
4215	毬
4216	毮
4217	毯
4218	毳
4219	氂
4220	氈
4221	氏
4222	氐
4223	民
4224	氓
4225	气
4226	気
4227	氛
4228	氣
4229	氤
4230	氧
4231	水
4232	氵
4233	氷
4234	永
4235	氾
4236	汀
4237	汁
4238	求
4239	汊
4240	汎
4241	汐
4242	汕
4243	汗
4244	汙
4245	汚
4246	汛
4247	汜
4248	汝
4249	汞
4250	江
4251	池
4252	汢
4253	汨
4254	汪
4255	汭
4256	汰
4257	汲
4258	汳
4259	汴
4260	汶
4261	決
4262	汽
4263	汾
4264	沁
4265	沂
4266	沃
4267	沅
4268	沆
4269	沇
4270	沈
4271	沌
4272	沍
4273	沐
4274	沒
4275	沓
4276	沔
4277	沖
4278	沙
4279	沚
4280	沛
4281	没
4282	沢
4283	沪
4284	沫
4285	沭
4286	沮
4287	沱
4288	河
4289	沸
4290	油
4291	沺
4292	治
4293	沼
4294	沽
4295	沾
4296	沿
4297	況
4298	泄
4299	泅
4300	泉
4301	泊
4302	泌
4303	泐
4304	泓
4305	泔
4306	法
4307	泗
4308	泙
4309	泚
4310	泛
4311	泝
4312	泠
4313	泡
4314	波
4315	泣
4316	泥
4317	注
4318	泪
4319	泮
4320	泯
4321	泰
4322	泱
4323	泳
4324	泽
4325	洁
4326	洄
4327	洋
4328	洌
4329	洎
4330	洐
4331	洒
4332	洗
4333	洙
4334	洛
4335	洞
4336	洟
4337	津
4338	洧
4339	洩
4340	洪
4341	洫
4342	洮
4343	洱
4344	洲
4345	洳
4346	洵
4347	洶
4348	洸
4349	洹
4350	活
4351	洼
4352	洽
4353	派
4354	流
4355	浄
4356	浅
4357	浙
4358	浚
4359	浜
4360	浞
4361	浟
4362	浠
4363	浣
4364	浤
4365	浦
4366	浩
4367	浪
4368	浬
4369	浮
4370	浴
4371	浵
4372	海
4373	浸
4374	浹
4375	涂
4376	涅
4377	涇
4378	消
4379	涉
4380	涌
4381	涎
4382	涑
4383	涓
4384	涕
4385	涙
4386	涛
4387	涜
4388	涪
4389	涬
4390	涯
4391	液
4392	涵
4393	涸
4394	涼
4395	涿
4396	淀
4397	淄
4398	淅
4399	淆
4400	淇
4401	淋
4402	淌
4403	淏
4404	淐
4405	淑
4406	淒
4407	淓
4408	淕
4409	淖
4410	淘
4411	淙
4412	淚
4413	淛
4414	淝
4415	淞
4416	淡
4417	淤
4418	淥
4419	淦
4420	淨
4421	淩
4422	淪
4423	淫
4424	淬
4425	淮
4426	淯
4427	深
4428	淳
4429	淵
4430	淶
4431	混
4432	淸
4433	淹
4434	淺
4435	添
4436	淼
4437	清
4438	渇
4439	済
4440	渉
4441	渊
4442	渋
4443	渓
4444	渕
4445	渙
4446	渚
4447	減
4448	渝
4449	渟
4450	渠
4451	渡
4452	渢
4453	渣
4454	渤
4455	渥
4456	渦
4457	渧
4458	温
4459	渫
4460	測
4461	渭
4462	渮
4463	港
4464	渲
4465	渴
4466	游
4467	渺
4468	渼
4469	渾
4470	湃
4471	湄
4472	湊
4473	湋
4474	湍
4475	湎
4476	湏
4477	湑
4478	湖
4479	湘
4480	湛
4481	湜
4482	湝
4483	湞
4484	湟
4485	湣
4486	湧
4487	湫
4488	湮
4489	湯
4490	湲
4491	湳
4492	湶
4493	湾
4494	湿
4495	満
4496	溂
4497	溌
4498	溍
4499	溏
4500	源
4501	準
4502	溘
4503	溜
4504	溝
4505	溟
4506	溢
4507	溥
4508	溧
4509	溪
4510	溫
4511	溮
4512	溯
4513	溱
4514	溲
4515	溶
4516	溷
4517	溺
4518	溽
4519	滁
4520	滂
4521	滃
4522	滄
4523	滅
4524	滇
4525	滈
4526	滉
4527	滋
4528	滌
4529	滎
4530	滏
4531	滑
4532	滓
4533	滔
4534	滕
4535	滙
4536	滝
4537	滞
4538	滬
4539	滯
4540	滲
4541	滴
4542	滷
4543	滸
4544	滹
4545	滾
4546	滿
4547	漁
4548	漂
4549	漆
4550	漉
4551	漏
4552	漑
4553	漓
4554	演
4555	漕
4556	漠
4557	漢
4558	漣
4559	漪
4560	漫
4561	漬
4562	漯
4563	漱
4564	漲
4565	漳
4566	漵
4567	漸
4568	漼
4569	漾
4570	漿
4571	潁
4572	潅
4573	潑
4574	潔
4575	潘
4576	潙
4577	潛
4578	潜
4579	潞
4580	潟
4581	潡
4582	潢
4583	潤
4584	潦
4585	潭
4586	潮
4587	潯
4588	潰
4589	潴
4590	潸
4591	潺
4592	潼
4593	潾
4594	澀
4595	澁
4596	澂
4597	澄
4598	澆
4599	澈
4600	澍
4601	澎
4602	澑
4603	澗
4604	澟
4605	澠
4606	澡
4607	澣
4608	澤
4609	澥
4610	澧
4611	澪
4612	澮
4613	澱
4614	澳
4615	澶
4616	澹
4617	激
4618	濁
4619	濂
4620	濃
4621	濆
4622	濉
4623	濊
4624	濔
4625	濕
4626	濘
4627	濚
4628	濛
4629	濞
4630	濟
4631	濠
4632	濡
4633	濤
4634	濩
4635	濫
4636	濬
4637	濮
4638	濯
4639	濰
4640	濱
4641	濳
4642	濵
4643	濶
4644	濹
4645	濺
4646	濼
4647	濾
4648	瀁
4649	瀆
4650	瀉
4651	瀋
4652	瀍
4653	瀏
4654	瀑
4655	瀕
4656	瀘
4657	瀚
4658	瀛
4659	瀝
4660	瀞
4661	瀟
4662	瀦
4663	瀧
4664	瀨
4665	瀬
4666	瀰
4667	瀲
4668	瀹
4669	瀼
4670	瀾
4671	灃
4672	灊
4673	灌
4674	灑
4675	灘
4676	灝
4677	灞
4678	灣
4679	灤
4680	火
4681	灯
4682	灰
4683	灸
4684	灼
4685	災
4686	炅
4687	炉
4688	炊
4689	炎
4690	炒
4691	炕
4692	炗
4693	炘
4694	炙
4695	炤
4696	炫
4697	炬
4698	炭
4699	炮
4700	炯
4701	炳
4702	炷
4703	炸
4704	点
4705	為
4706	炻
4707	烈
4708	烋
4709	烏
4710	烔
4711	烘
4712	烙
4713	烜
4714	烝
4715	烟
4716	烤
4717	烬
4718	烱
4719	烴
4720	烹
4721	烺
4722	烽
4723	焉
4724	焏
4725	焔
4726	焙
4727	焚
4728	焜
4729	無
4730	焦
4731	焯
4732	焰
4733	焱
4734	然
4735	焸
4736	焼
4737	煆
4738	煇
4739	煉
4740	煊
4741	煌
4742	煎
4743	煒
4744	煕
4745	煖
4746	煙
4747	煚
4748	煜
4749	煞
4750	煠
4751	煢
4752	煤
4753	煥
4754	煦
4755	照
4756	煨
4757	煩
4758	煬
4759	煮
4760	煽
4761	熄
4762	熇
4763	熈
4764	熊
4765	熏
4766	熒
4767	熔
4768	熕
4769	熙
4770	熟
4771	熠
4772	熨
4773	熬
4774	熯
4775	熱
4776	熲
4777	熹
4778	熺
4779	熾
4780	燁
4781	燃
4782	燈
4783	燉
4784	燎
4785	燐
4786	燒
4787	燔
4788	燕
4789	燗
4790	燚
4791	燜
4792	燝
4793	營
4794	燠
4795	燥
4796	燦
4797	燧
4798	燫
4799	燬
4800	燭
4801	燮
4802	燵
4803	燹
4804	燻
4805	燼
4806	燾
4807	燿
4808	爀
4809	爆
4810	爍
4811	爐
4812	爛
4813	爨
4814	爪
4815	爬
4816	爭
4817	爰
4818	爱
4819	爲
4820	爵
4821	父
4822	爸
4823	爹
4824	爺
4825	爻
4826	爼
4827	爽
4828	爾
4829	爿
4830	牀
4831	牂
4832	牆
4833	片
4834	版
4835	牋
4836	牌
4837	牒
4838	牓
4839	牘
4840	牙
4841	牛
4842	牝
4843	牟
4844	牡
4845	牢
4846	牧
4847	物
4848	牯
4849	牲
4850	牴
4851	特
4852	牻
4853	牽
4854	牾
4855	犀
4856	犁
4857	犂
4858	犇
4859	犍
4860	犒
4861	犖
4862	犛
4863	犠
4864	犢
4865	犧
4866	犨
4867	犬
4868	犮
4869	犯
4870	犲
4871	犴
4872	状
4873	犹
4874	犾
4875	狀
4876	狂
4877	狃
4878	狄
4879	狆
4880	狋
4881	狎
4882	狐
4883	狒
4884	狗
4885	狙
4886	狛
4887	狠
4888	狡
4889	狢
4890	狩
4891	独
4892	狭
4893	狴
4894	狷
4895	狸
4896	狹
4897	狻
4898	狼
4899	狽
4900	猇
4901	猊
4902	猋
4903	猖
4904	猗
4905	猙
4906	猛
4907	猜
4908	猝
4909	猟
4910	猢
4911	猥
4912	猨
4913	猩
4914	猪
4915	猫
4916	猬
4917	献
4918	猯
4919	猴
4920	猶
4921	猷
4922	猹
4923	猾
4924	猿
4925	獄
4926	獅
4927	獍
4928	獎
4929	獏
4930	獐
4931	獒
4932	獗
4933	獙
4934	獠
4935	獣
4936	獦
4937	獨
4938	獪
4939	獫
4940	獬
4941	獮
4942	獰
4943	獲
4944	獵
4945	獷
4946	獸
4947	獺
4948	獻
4949	獼
4950	玃
4951	玄
4952	玅
4953	率
4954	玉
4955	王
4956	玕
4957	玖
4958	玘
4959	玛
4960	玞
4961	玟
4962	玠
4963	玢
4964	玥
4965	玦
4966	玨
4967	玩
4968	玫
4969	玭
4970	玲
4971	玳
4972	玵
4973	玹
4974	玻
4975	玼
4976	珀
4977	珂
4978	珈
4979	珉
4980	珊
4981	珍
4982	珎
4983	珏
4984	珖
4985	珙
4986	珝
4987	珞
4988	珠
4989	珣
4990	珤
4991	珥
4992	珦
4993	珧
4994	珩
4995	珪
4996	班
4997	珮
4998	珱
4999	珸
5000	珹
5001	珺
5002	珽
5003	現
5004	琁
5005	球
5006	琅
5007	理
5008	琇
5009	琉
5010	琊
5011	琚
5012	琛
5013	琡
5014	琢
5015	琥
5016	琦
5017	琨
5018	琪
5019	琫
5020	琬
5021	琭
5022	琮
5023	琯
5024	琰
5025	琱
5026	琲
5027	琳
5028	琴
5029	琵
5030	琶
5031	琹
5032	琺
5033	琼
5034	琿
5035	瑀
5036	瑁
5037	瑄
5038	瑆
5039	瑇
5040	瑋
5041	瑎
5042	瑑
5043	瑒
5044	瑕
5045	瑗
5046	瑙
5047	瑚
5048	瑛
5049	瑜
5050	瑞
5051	瑟
5052	瑠
5053	瑢
5054	瑣
5055	瑤
5056	瑨
5057	瑩
5058	瑪
5059	瑫
5060	瑭
5061	瑯
5062	瑰
5063	瑱
5064	瑳
5065	瑶
5066	瑺
5067	瑾
5068	璀
5069	璁
5070	璃
5071	璆
5072	璇
5073	璈
5074	璉
5075	璋
5076	璐
5077	璗
5078	璘
5079	璜
5080	璝
5081	璞
5082	璟
5083	璠
5084	璡
5085	璢
5086	璣
5087	璦
5088	璧
5089	璨
5090	璩
5091	璫
5092	璮
5093	璯
5094	環
5095	璵
5096	璹
5097	璽
5098	璿
5099	瓈
5100	瓊
5101	瓌
5102	瓏
5103	瓔
5104	瓘
5105	瓚
5106	瓛
5107	瓜
5108	瓠
5109	瓢
5110	瓣
5111	瓦
5112	瓧
5113	瓩
5114	瓮
5115	瓰
5116	瓱
5117	瓲
5118	瓶
5119	瓷
5120	瓸
5121	甁
5122	甃
5123	甄
5124	甅
5125	甌
5126	甍
5127	甎
5128	甑
5129	甓
5130	甕
5131	甗
5132	甘
5133	甚
5134	甜
5135	甝
5136	甞
5137	生
5138	産
5139	甥
5140	甦
5141	用
5142	甩
5143	甪
5144	甫
5145	甬
5146	甯
5147	田
5148	由
5149	甲
5150	申
5151	男
5152	甸
5153	町
5154	画
5155	甼
5156	畄
5157	畆
5158	畉
5159	畊
5160	畋
5161	界
5162	畍
5163	畏
5164	畑
5165	畔
5166	留
5167	畚
5168	畛
5169	畜
5170	畝
5171	畠
5172	畡
5173	畢
5174	畤
5175	略
5176	畦
5177	畧
5178	畩
5179	番
5180	畫
5181	畬
5182	畭
5183	畯
5184	異
5185	畳
5186	畴
5187	當
5188	畷
5189	畸
5190	畹
5191	畺
5192	畿
5193	疂
5194	疆
5195	疇
5196	疉
5197	疊
5198	疋
5199	疎
5200	疏
5201	疑
5202	疒
5203	疔
5204	疚
5205	疝
5206	疣
5207	疥
5208	疫
5209	疱
5210	疲
5211	疳
5212	疵
5213	疸
5214	疹
5215	疼
5216	疽
5217	疾
5218	疿
5219	痂
5220	痃
5221	病
5222	症
5223	痊
5224	痍
5225	痎
5226	痒
5227	痔
5228	痕
5229	痘
5230	痙
5231	痛
5232	痞
5233	痢
5234	痣
5235	痤
5236	痩
5237	痰
5238	痲
5239	痳
5240	痴
5241	痺
5242	痼
5243	痾
5244	痿
5245	瘀
5246	瘁
5247	瘉
5248	瘋
5249	瘍
5250	瘖
5251	瘙
5252	瘞
5253	瘟
5254	瘠
5255	瘡
5256	瘢
5257	瘣
5258	瘤
5259	瘦
5260	瘧
5261	瘭
5262	瘰
5263	瘳
5264	瘴
5265	瘻
5266	癀
5267	療
5268	癆
5269	癇
5270	癈
5271	癋
5272	癌
5273	癎
5274	癒
5275	癖
5276	癘
5277	癜
5278	癡
5279	癢
5280	癧
5281	癨
5282	癩
5283	癪
5284	癬
5285	癭
5286	癯
5287	癰
5288	癲
5289	癶
5290	癸
5291	発
5292	登
5293	發
5294	白
5295	百
5296	皀
5297	皃
5298	的
5299	皆
5300	皇
5301	皈
5302	皋
5303	皎
5304	皐
5305	皓
5306	皕
5307	皖
5308	皙
5309	皚
5310	皝
5311	皞
5312	皮
5313	皰
5314	皴
5315	皶
5316	皷
5317	皸
5318	皹
5319	皺
5320	皿
5321	盂
5322	盃
5323	盅
5324	盆
5325	盈
5326	盉
5327	益
5328	盍
5329	盎
5330	盒
5331	盔
5332	盖
5333	盗
5334	盙
5335	盛
5336	盜
5337	盞
5338	盟
5339	盡
5340	監
5341	盤
5342	盥
5343	盦
5344	盧
5345	盪
5346	目
5347	盱
5348	盲
5349	直
5350	相
5351	盻
5352	盼
5353	盾
5354	省
5355	眄
5356	眇
5357	眈
5358	眉
5359	看
5360	県
5361	眎
5362	眙
5363	眛
5364	眜
5365	眞
5366	真
5367	眠
5368	眤
5369	眥
5370	眦
5371	眩
5372	眭
5373	眶
5374	眷
5375	眸
5376	眺
5377	眼
5378	着
5379	睆
5380	睇
5381	睍
5382	睚
5383	睛
5384	睜
5385	睡
5386	睢
5387	督
5388	睥
5389	睦
5390	睨
5391	睪
5392	睫
5393	睹
5394	睺
5395	睾
5396	睿
5397	瞀
5398	瞋
5399	瞎
5400	瞑
5401	瞞
5402	瞠
5403	瞥
5404	瞫
5405	瞬
5406	瞭
5407	瞰
5408	瞳
5409	瞶
5410	瞹
5411	瞻
5412	瞼
5413	瞽
5414	瞿
5415	矇
5416	矍
5417	矗
5418	矚
5419	矛
5420	矜
5421	矢
5422	矣
5423	知
5424	矧
5425	矩
5426	短
5427	矮
5428	矯
5429	石
5430	矼
5431	矿
5432	砂
5433	砌
5434	砑
5435	砒
5436	研
5437	砕
5438	砖
5439	砠
5440	砥
5441	砦
5442	砧
5443	砭
5444	砰
5445	砲
5446	破
5447	砺
5448	砿
5449	硅
5450	硏
5451	硝
5452	硤
5453	硨
5454	硫
5455	硬
5456	确
5457	硯
5458	硲
5459	硴
5460	硼
5461	碁
5462	碆
5463	碇
5464	碌
5465	碍
5466	碎
5467	碑
5468	碓
5469	碕
5470	碗
5471	碚
5472	碟
5473	碣
5474	碧
5475	碩
5476	碪
5477	碭
5478	碯
5479	碰
5480	碵
5481	確
5482	碼
5483	碾
5484	磁
5485	磅
5486	磆
5487	磈
5488	磊
5489	磋
5490	磌
5491	磎
5492	磐
5493	磑
5494	磔
5495	磚
5496	磡
5497	磧
5498	磨
5499	磬
5500	磯
5501	磲
5502	磴
5503	磵
5504	磻
5505	磽
5506	磾
5507	礀
5508	礁
5509	礇
5510	礎
5511	礑
5512	礒
5513	礙
5514	礦
5515	礪
5516	礫
5517	礬
5518	礮
5519	礱
5520	礵
5521	示
5522	礼
5523	礽
5524	社
5525	祀
5526	祁
5527	祄
5528	祅
5529	祆
5530	祇
5531	祈
5532	祉
5533	祏
5534	祐
5535	祓
5536	祕
5537	祖
5538	祗
5539	祚
5540	祛
5541	祜
5542	祝
5543	神
5544	祟
5545	祠
5546	祢
5547	祥
5548	票
5549	祩
5550	祭
5551	祷
5552	祺
5553	祿
5554	禀
5555	禁
5556	禄
5557	禅
5558	禊
5559	禍
5560	禎
5561	福
5562	禔
5563	禕
5564	禖
5565	禛
5566	禝
5567	禦
5568	禧
5569	禩
5570	禪
5571	禮
5572	禰
5573	禱
5574	禳
5575	禴
5576	禸
5577	禹
5578	禺
5579	禽
5580	禾
5581	禿
5582	秀
5583	私
5584	秈
5585	秉
5586	秋
5587	秌
5588	种
5589	科
5590	秒
5591	秕
5592	秘
5593	秞
5594	租
5595	秡
5596	秢
5597	秣
5598	秤
5599	秦
5600	秧
5601	秩
5602	秫
5603	秬
5604	秭
5605	称
5606	秺
5607	移
5608	稀
5609	稈
5610	程
5611	稍
5612	税
5613	稔
5614	稗
5615	稘
5616	稙
5617	稚
5618	稜
5619	稟
5620	稠
5621	種
5622	稱
5623	稲
5624	稷
5625	稹
5626	稻
5627	稼
5628	稽
5629	稾
5630	稿
5631	穀
5632	穂
5633	穃
5634	穆
5635	穉
5636	積
5637	穎
5638	穏
5639	穐
5640	穗
5641	穙
5642	穠
5643	穡
5644	穢
5645	穣
5646	穩
5647	穫
5648	穭
5649	穰
5650	穴
5651	穵
5652	究
5653	穹
5654	空
5655	穽
5656	穿
5657	突
5658	窃
5659	窄
5660	窈
5661	窋
5662	窒
5663	窓
5664	窕
5665	窖
5666	窗
5667	窘
5668	窟
5669	窠
5670	窩
5671	窪
5672	窬
5673	窮
5674	窯
5675	窰
5676	窳
5677	窶
5678	窺
5679	窿
5680	竃
5681	竄
5682	竅
5683	竇
5684	竈
5685	竊
5686	立
5687	竍
5688	竎
5689	竏
5690	竑
5691	竒
5692	竓
5693	竕
5694	竗
5695	站
5696	竚
5697	竜
5698	竝
5699	竟
5700	章
5701	竡
5702	竢
5703	竣
5704	童
5705	竦
5706	竧
5707	竪
5708	竫
5709	竭
5710	端
5711	竰
5712	竴
5713	競
5714	竸
5715	竹
5716	竺
5717	竿
5718	笂
5719	笄
5720	笆
5721	笈
5722	笊
5723	笋
5724	笏
5725	笑
5726	笘
5727	笙
5728	笛
5729	笞
5730	笠
5731	笥
5732	符
5733	笨
5734	第
5735	笮
5736	笳
5737	笵
5738	笶
5739	笹
5740	筅
5741	筆
5742	筇
5743	筈
5744	等
5745	筋
5746	筌
5747	筍
5748	筎
5749	筏
5750	筐
5751	筑
5752	筒
5753	答
5754	策
5755	筝
5756	筠
5757	筥
5758	筧
5759	筬
5760	筭
5761	筮
5762	筰
5763	筱
5764	筲
5765	筴
5766	筵
5767	筺
5768	筿
5769	箆
5770	箇
5771	箋
5772	箍
5773	箏
5774	箐
5775	箒
5776	箔
5777	箕
5778	算
5779	箘
5780	箙
5781	箚
5782	箜
5783	箝
5784	箞
5785	箟
5786	管
5787	箪
5788	箬
5789	箭
5790	箱
5791	箴
5792	箸
5793	節
5794	篁
5795	範
5796	篆
5797	篇
5798	築
5799	篋
5800	篌
5801	篏
5802	篙
5803	篚
5804	篛
5805	篝
5806	篠
5807	篤
5808	篥
5809	篦
5810	篩
5811	篪
5812	篭
5813	篳
5814	篶
5815	篷
5816	簀
5817	簁
5818	簃
5819	簇
5820	簋
5821	簍
5822	簑
5823	簒
5824	簓
5825	簔
5826	簗
5827	簞
5828	簟
5829	簠
5830	簡
5831	簣
5832	簧
5833	簪
5834	簫
5835	簱
5836	簳
5837	簶
5838	簷
5839	簸
5840	簽
5841	簾
5842	簿
5843	籀
5844	籃
5845	籌
5846	籍
5847	籏
5848	籐
5849	籔
5850	籖
5851	籘
5852	籙
5853	籟
5854	籠
5855	籤
5856	籥
5857	籬
5858	籰
5859	米
5860	籵
5861	籽
5862	籾
5863	粁
5864	粂
5865	粃
5866	粆
5867	粉
5868	粋
5869	粍
5870	粏
5871	粐
5872	粒
5873	粕
5874	粗
5875	粘
5876	粛
5877	粟
5878	粡
5879	粢
5880	粤
5881	粥
5882	粧
5883	粨
5884	粫
5885	粭
5886	粮
5887	粱
5888	粲
5889	粳
5890	粶
5891	粹
5892	粼
5893	粽
5894	精
5895	粿
5896	糀
5897	糂
5898	糅
5899	糊
5900	糎
5901	糏
5902	糒
5903	糕
5904	糖
5905	糘
5906	糜
5907	糝
5908	糞
5909	糟
5910	糠
5911	糢
5912	糧
5913	糯
5914	糲
5915	糴
5916	糶
5917	糸
5918	糺
5919	系
5920	糾
5921	紀
5922	紂
5923	約
5924	紅
5925	紆
5926	紇
5927	紈
5928	紊
5929	紋
5930	納
5931	紐
5932	紑
5933	紒
5934	紓
5935	純
5936	紕
5937	紗
5938	紘
5939	紙
5940	級
5941	紛
5942	紜
5943	紝
5944	紞
5945	素
5946	紡
5947	索
5948	紣
5949	紫
5950	紬
5951	紮
5952	累
5953	細
5954	紱
5955	紲
5956	紳
5957	紵
5958	紹
5959	紺
5960	紿
5961	絁
5962	終
5963	絃
5964	組
5965	絅
5966	絆
5967	絈
5968	絋
5969	経
5970	絎
5971	絏
5972	結
5973	絓
5974	絕
5975	絖
5976	絛
5977	絜
5978	絞
5979	絡
5980	絢
5981	絣
5982	給
5983	絨
5984	絪
5985	絮
5986	統
5987	絲
5988	絳
5989	絵
5990	絶
5991	絹
5992	絺
5993	絽
5994	綉
5995	綋
5996	綏
5997	經
5998	継
5999	続
6000	綛
6001	綜
6002	綝
6003	綟
6004	綠
6005	綢
6006	綣
6007	綦
6008	綧
6009	綫
6010	綬
6011	維
6012	綮
6013	綯
6014	綰
6015	綱
6016	網
6017	綴
6018	綵
6019	綸
6020	綺
6021	綻
6022	綽
6023	綾
6024	綿
6025	緂
6026	緄
6027	緇
6028	緊
6029	緋
6030	総
6031	緑
6032	緒
6033	緕
6034	緖
6035	緘
6036	線
6037	緜
6038	緝
6039	緞
6040	緟
6041	締
6042	緡
6043	緣
6044	緤
6045	編
6046	緩
6047	緬
6048	緯
6049	緱
6050	緲
6051	練
6052	緻
6053	縁
6054	縄
6055	縅
6056	縉
6057	縊
6058	縋
6059	縑
6060	縒
6061	縕
6062	縛
6063	縝
6064	縞
6065	縟
6066	縡
6067	縢
6068	縣
6069	縦
6070	縫
6071	縬
6072	縮
6073	縯
6074	縱
6075	縲
6076	縵
6077	縷
6078	縹
6079	縺
6080	縻
6081	總
6082	績
6083	繁
6084	繃
6085	繅
6086	繆
6087	繇
6088	繊
6089	繋
6090	繍
6091	繒
6092	織
6093	繕
6094	繖
6095	繙
6096	繚
6097	繝
6098	繞
6099	繡
6100	繢
6101	繦
6102	繧
6103	繩
6104	繪
6105	繫
6106	繭
6107	繯
6108	繰
6109	繹
6110	繻
6111	繼
6112	繽
6113	繿
6114	纂
6115	纃
6116	纈
6117	纉
6118	續
6119	纎
6120	纏
6121	纐
6122	纒
6123	纓
6124	纔
6125	纖
6126	纘
6127	纛
6128	纜
6129	络
6130	维
6131	绿
6132	缶
6133	缸
6134	缺
6135	罃
6136	罄
6137	罅
6138	罌
6139	罍
6140	罎
6141	罐
6142	网
6143	罔
6144	罕
6145	罗
6146	罘
6147	罟
6148	罠
6149	罡
6150	罣
6151	罦
6152	罧
6153	罨
6154	罩
6155	罪
6156	罫
6157	置
6158	罰
6159	署
6160	罵
6161	罷
6162	罸
6163	罹
6164	罽
6165	羂
6166	羃
6167	羅
6168	羆
6169	羇
6170	羈
6171	羊
6172	羋
6173	羌
6174	美
6175	羑
6176	羔
6177	羗
6178	羚
6179	羝
6180	羞
6181	羣
6182	群
6183	羨
6184	義
6185	羮
6186	羯
6187	羲
6188	羶
6189	羸
6190	羹
6191	羽
6192	羾
6193	羿
6194	翀
6195	翁
6196	翃
6197	翅
6198	翆
6199	翊
6200	翌
6201	翎
6202	習
6203	翔
6204	翕
6205	翛
6206	翟
6207	翠
6208	翡
6209	翥
6210	翦
6211	翩
6212	翫
6213	翬
6214	翮
6215	翰
6216	翳
6217	翹
6218	翺
6219	翻
6220	翼
6221	翽
6222	耀
6223	老
6224	考
6225	耄
6226	者
6227	耆
6228	耋
6229	而
6230	耎
6231	耐
6232	耒
6233	耕
6234	耗
6235	耘
6236	耙
6237	耜
6238	耡
6239	耨
6240	耬
6241	耳
6242	耶
6243	耻
6244	耽
6245	耿
6246	聃
6247	聆
6248	聊
6249	聒
6250	聖
6251	聘
6252	聚
6253	聞
6254	聟
6255	聡
6256	聢
6257	聨
6258	聯
6259	聰
6260	聱
6261	聲
6262	聳
6263	聴
6264	聶
6265	職
6266	聹
6267	聽
6268	聾
6269	聿
6270	肄
6271	肅
6272	肆
6273	肇
6274	肉
6275	肋
6276	肌
6277	肓
6278	肖
6279	肘
6280	肚
6281	肛
6282	肜
6283	肝
6284	股
6285	肢
6286	肥
6287	肩
6288	肪
6289	肬
6290	肭
6291	肯
6292	肱
6293	育
6294	肴
6295	肸
6296	肺
6297	胃
6298	胄
6299	胆
6300	背
6301	胎
6302	胖
6303	胙
6304	胚
6305	胛
6306	胝
6307	胞
6308	胡
6309	胤
6310	胥
6311	胯
6312	胱
6313	胴
6314	胸
6315	胼
6316	能
6317	脂
6318	脅
6319	脆
6320	脇
6321	脈
6322	脉
6323	脊
6324	脘
6325	脚
6326	脛
6327	脞
6328	脣
6329	脩
6330	脯
6331	脱
6332	脳
6333	脷
6334	脹
6335	脾
6336	腆
6337	腊
6338	腋
6339	腎
6340	腐
6341	腑
6342	腓
6343	腔
6344	腕
6345	腟
6346	腥
6347	腦
6348	腫
6349	腮
6350	腰
6351	腱
6352	腴
6353	腸
6354	腹
6355	腺
6356	腿
6357	膀
6358	膂
6359	膃
6360	膅
6361	膈
6362	膊
6363	膏
6364	膓
6365	膕
6366	膚
6367	膜
6368	膝
6369	膠
6370	膣
6371	膤
6372	膨
6373	膩
6374	膰
6375	膳
6376	膵
6377	膸
6378	膺
6379	膻
6380	膽
6381	膾
6382	膿
6383	臀
6384	臂
6385	臆
6386	臈
6387	臉
6388	臍
6389	臏
6390	臑
6391	臓
6392	臘
6393	臙
6394	臚
6395	臟
6396	臠
6397	臣
6398	臥
6399	臧
6400	臨
6401	自
6402	臬
6403	臭
6404	至
6405	致
6406	臶
6407	臺
6408	臻
6409	臼
6410	臾
6411	舁
6412	舂
6413	舅
6414	與
6415	興
6416	舉
6417	舊
6418	舌
6419	舍
6420	舎
6421	舐
6422	舒
6423	舖
6424	舗
6425	舘
6426	舛
6427	舜
6428	舞
6429	舟
6430	舩
6431	航
6432	舫
6433	般
6434	舮
6435	舲
6436	舳
6437	舵
6438	舶
6439	舷
6440	舸
6441	船
6442	舺
6443	艀
6444	艃
6445	艅
6446	艇
6447	艋
6448	艘
6449	艙
6450	艚
6451	艜
6452	艝
6453	艟
6454	艢
6455	艣
6456	艤
6457	艥
6458	艦
6459	艨
6460	艪
6461	艫
6462	艮
6463	良
6464	艱
6465	色
6466	艶
6467	艷
6468	艸
6469	艺
6470	艾
6471	芃
6472	芊
6473	芋
6474	芍
6475	芎
6476	芒
6477	芘
6478	芙
6479	芝
6480	芟
6481	芥
6482	芦
6483	芨
6484	芩
6485	芫
6486	芬
6487	芭
6488	芮
6489	芯
6490	芰
6491	花
6492	芳
6493	芷
6494	芸
6495	芹
6496	芻
6497	芽
6498	芾
6499	芿
6500	苅
6501	苑
6502	苒
6503	苓
6504	苔
6505	苕
6506	苗
6507	苙
6508	苛
6509	苜
6510	苞
6511	苟
6512	苡
6513	苣
6514	若
6515	苦
6516	苧
6517	苫
6518	英
6519	苳
6520	苴
6521	苹
6522	苺
6523	苻
6524	苾
6525	茂
6526	范
6527	茄
6528	茅
6529	茆
6530	茈
6531	茉
6532	茌
6533	茎
6534	茖
6535	茗
6536	茘
6537	茜
6538	茝
6539	茢
6540	茣
6541	茨
6542	茫
6543	茭
6544	茯
6545	茱
6546	茲
6547	茴
6548	茵
6549	茶
6550	茸
6551	茹
6552	茼
6553	荀
6554	荃
6555	荅
6556	荇
6557	草
6558	荊
6559	荏
6560	荐
6561	荑
6562	荒
6563	荔
6564	荘
6565	荳
6566	荵
6567	荷
6568	荻
6569	荼
6570	荽
6571	莅
6572	莆
6573	莇
6574	莉
6575	莊
6576	莎
6577	莒
6578	莓
6579	莔
6580	莕
6581	莖
6582	莘
6583	莙
6584	莚
6585	莞
6586	莟
6587	莠
6588	莢
6589	莧
6590	莨
6591	莩
6592	莪
6593	莫
6594	莬
6595	莱
6596	莵
6597	莽
6598	莿
6599	菀
6600	菁
6601	菅
6602	菇
6603	菉
6604	菊
6605	菌
6606	菎
6607	菏
6608	菓
6609	菖
6610	菘
6611	菜
6612	菝
6613	菟
6614	菠
6615	菡
6616	菩
6617	菪
6618	菫
6619	華
6620	菰
6621	菱
6622	菲
6623	菴
6624	菷
6625	菸
6626	菻
6627	菽
6628	萁
6629	萃
6630	萄
6631	萆
6632	萇
6633	萊
6634	萋
6635	萌
6636	萍
6637	萎
6638	萏
6639	萑
6640	萓
6641	萠
6642	萢
6643	萣
6644	萩
6645	萪
6646	萬
6647	萱
6648	萵
6649	萸
6650	萹
6651	萼
6652	落
6653	葆
6654	葇
6655	葈
6656	葉
6657	葎
6658	葒
6659	著
6660	葛
6661	葜
6662	葡
6663	葢
6664	董
6665	葦
6666	葩
6667	葫
6668	葬
6669	葭
6670	葮
6671	葯
6672	葱
6673	葳
6674	葵
6675	葶
6676	葷
6677	葹
6678	葺
6679	蒂
6680	蒄
6681	蒅
6682	蒋
6683	蒐
6684	蒒
6685	蒔
6686	蒗
6687	蒙
6688	蒜
6689	蒟
6690	蒡
6691	蒨
6692	蒭
6693	蒯
6694	蒲
6695	蒴
6696	蒸
6697	蒹
6698	蒺
6699	蒻
6700	蒼
6701	蒾
6702	蒿
6703	蓀
6704	蓁
6705	蓂
6706	蓄
6707	蓆
6708	蓉
6709	蓊
6710	蓋
6711	蓍
6712	蓐
6713	蓑
6714	蓓
6715	蓖
6716	蓙
6717	蓚
6718	蓜
6719	蓪
6720	蓬
6721	蓮
6722	蓯
6723	蓴
6724	蓼
6725	蓿
6726	蔀
6727	蔂
6728	蔆
6729	蔑
6730	蔓
6731	蔔
6732	蔕
6733	蔗
6734	蔘
6735	蔚
6736	蔞
6737	蔟
6738	蔡
6739	蔣
6740	蔤
6741	蔦
6742	蔫
6743	蔬
6744	蔭
6745	蔯
6746	蔲
6747	蔴
6748	蔵
6749	蔽
6750	蕀
6751	蕁
6752	蕃
6753	蕅
6754	蕈
6755	蕉
6756	蕊
6757	蕋
6758	蕎
6759	蕒
6760	蕓
6761	蕕
6762	蕖
6763	蕗
6764	蕘
6765	蕙
6766	蕚
6767	蕣
6768	蕤
6769	蕨
6770	蕩
6771	蕪
6772	蕭
6773	蕷
6774	蕺
6775	蕾
6776	蕿
6777	薀
6778	薁
6779	薄
6780	薇
6781	薈
6782	薊
6783	薌
6784	薏
6785	薐
6786	薑
6787	薔
6788	薗
6789	薘
6790	薙
6791	薛
6792	薜
6793	薝
6794	薟
6795	薢
6796	薤
6797	薦
6798	薨
6799	薩
6800	薪
6801	薫
6802	薬
6803	薭
6804	薮
6805	薯
6806	薰
6807	薴
6808	薷
6809	薹
6810	薺
6811	藁
6812	藉
6813	藊
6814	藋
6815	藍
6816	藎
6817	藏
6818	藐
6819	藕
6820	藜
6821	藝
6822	藤
6823	藥
6824	藦
6825	藩
6826	藪
6827	藶
6828	藷
6829	藹
6830	藺
6831	藻
6832	藾
6833	藿
6834	蘂
6835	蘄
6836	蘅
6837	蘆
6838	蘇
6839	蘊
6840	蘋
6841	蘐
6842	蘑
6843	蘓
6844	蘖
6845	蘗
6846	蘘
6847	蘚
6848	蘞
6849	蘡
6850	蘢
6851	蘩
6852	蘭
6853	蘯
6854	蘰
6855	蘿
6856	虎
6857	虐
6858	虓
6859	虔
6860	處
6861	虗
6862	虚
6863	虛
6864	虜
6865	虞
6866	號
6867	虢
6868	虧
6869	虫
6870	虬
6871	虱
6872	虵
6873	虷
6874	虹
6875	虻
6876	蚁
6877	蚂
6878	蚉
6879	蚊
6880	蚋
6881	蚌
6882	蚓
6883	蚕
6884	蚜
6885	蚝
6886	蚡
6887	蚣
6888	蚤
6889	蚩
6890	蚪
6891	蚫
6892	蚯
6893	蚰
6894	蚵
6895	蚶
6896	蛁
6897	蛄
6898	蛆
6899	蛇
6900	蛉
6901	蛋
6902	蛍
6903	蛎
6904	蛑
6905	蛔
6906	蛙
6907	蛛
6908	蛞
6909	蛟
6910	蛤
6911	蛩
6912	蛬
6913	蛭
6914	蛮
6915	蛯
6916	蛸
6917	蛹
6918	蛺
6919	蛻
6920	蛽
6921	蛾
6922	蜀
6923	蜂
6924	蜃
6925	蜆
6926	蜈
6927	蜉
6928	蜊
6929	蜋
6930	蜍
6931	蜑
6932	蜒
6933	蜓
6934	蜘
6935	蜚
6936	蜜
6937	蜥
6938	蜩
6939	蜱
6940	蜴
6941	蜷
6942	蜺
6943	蜻
6944	蜾
6945	蜿
6946	蝀
6947	蝃
6948	蝉
6949	蝋
6950	蝌
6951	蝎
6952	蝓
6953	蝕
6954	蝗
6955	蝙
6956	蝟
6957	蝠
6958	蝣
6959	蝤
6960	蝥
6961	蝦
6962	蝨
6963	蝪
6964	蝮
6965	蝯
6966	蝲
6967	蝴
6968	蝶
6969	蝸
6970	蝿
6971	螂
6972	螅
6973	螈
6974	螋
6975	融
6976	螘
6977	螟
6978	螠
6979	螢
6980	螣
6981	螫
6982	螭
6983	螯
6984	螳
6985	螺
6986	螻
6987	螽
6988	蟀
6989	蟄
6990	蟆
6991	蟇
6992	蟋
6993	蟎
6994	蟐
6995	蟒
6996	蟖
6997	蟜
6998	蟟
6999	蟠
7000	蟥
7001	蟬
7002	蟯
7003	蟲
7004	蟶
7005	蟷
7006	蟹
7007	蟻
7008	蟾
7009	蠃
7010	蠅
7011	蠊
7012	蠍
7013	蠎
7014	蠏
7015	蠑
7016	蠔
7017	蠕
7018	蠖
7019	蠟
7020	蠡
7021	蠢
7022	蠣
7023	蠧
7024	蠱
7025	蠶
7026	蠹
7027	蠻
7028	蠼
7029	血
7030	衂
7031	衄
7032	衆
7033	行
7034	衍
7035	衑
7036	衒
7037	術
7038	街
7039	衙
7040	衛
7041	衜
7042	衝
7043	衞
7044	衡
7045	衢
7046	衣
7047	衤
7048	表
7049	衫
7050	衮
7051	衰
7052	衲
7053	衵
7054	衷
7055	衹
7056	衽
7057	衾
7058	衿
7059	袁
7060	袂
7061	袈
7062	袋
7063	袍
7064	袒
7065	袖
7066	袗
7067	袘
7068	袙
7069	袞
7070	袠
7071	袢
7072	袤
7073	袪
7074	被
7075	袮
7076	袰
7077	袱
7078	袴
7079	袵
7080	袷
7081	袿
7082	裁
7083	裂
7084	裃
7085	裄
7086	装
7087	裏
7088	裒
7089	裔
7090	裕
7091	裘
7092	裙
7093	裛
7094	補
7095	裝
7096	裟
7097	裡
7098	裨
7099	裰
7100	裱
7101	裲
7102	裳
7103	裴
7104	裵
7105	裸
7106	裹
7107	裼
7108	製
7109	裾
7110	褂
7111	褄
7112	複
7113	褊
7114	褌
7115	褐
7116	褒
7117	褓
7118	褘
7119	褙
7120	褚
7121	褝
7122	褞
7123	褥
7124	褧
7125	褪
7126	褫
7127	褰
7128	褲
7129	褶
7130	褸
7131	褻
7132	襀
7133	襁
7134	襃
7135	襄
7136	襌
7137	襍
7138	襖
7139	襞
7140	襟
7141	襠
7142	襤
7143	襦
7144	襪
7145	襭
7146	襯
7147	襲
7148	襴
7149	襷
7150	襾
7151	西
7152	要
7153	覃
7154	覆
7155	覇
7156	覈
7157	覊
7158	見
7159	規
7160	覓
7161	視
7162	覗
7163	覘
7164	覚
7165	覡
7166	覦
7167	覧
7168	覩
7169	親
7170	覬
7171	覯
7172	覲
7173	観
7174	覺
7175	覽
7176	覿
7177	觀
7178	角
7179	觔
7180	觚
7181	觜
7182	觝
7183	解
7184	觥
7185	触
7186	觧
7187	觴
7188	觸
7189	觿
7190	言
7191	訂
7192	訃
7193	計
7194	訊
7195	訌
7196	討
7197	訐
7198	訒
7199	訓
7200	訖
7201	託
7202	記
7203	訛
7204	訝
7205	訟
7206	訢
7207	訣
7208	訥
7209	訪
7210	設
7211	許
7212	訳
7213	訴
7214	訶
7215	訷
7216	診
7217	註
7218	証
7219	訾
7220	詁
7221	詆
7222	詈
7223	詐
7224	詑
7225	詒
7226	詔
7227	評
7228	詖
7229	詗
7230	詛
7231	詞
7232	詠
7233	詡
7234	詢
7235	詣
7236	試
7237	詧
7238	詩
7239	詫
7240	詬
7241	詭
7242	詮
7243	詰
7244	話
7245	該
7246	詳
7247	詵
7248	詹
7249	詼
7250	誂
7251	誄
7252	誅
7253	誇
7254	誉
7255	誌
7256	認
7257	誑
7258	誓
7259	誕
7260	誘
7261	誚
7262	語
7263	誠
7264	誡
7265	誣
7266	誤
7267	誥
7268	誦
7269	誨
7270	說
7271	説
7272	読
7273	誰
7274	課
7275	誹
7276	誼
7277	誾
7278	調
7279	諂
7280	諄
7281	談
7282	請
7283	諌
7284	諍
7285	諏
7286	諒
7287	論
7288	諗
7289	諚
7290	諛
7291	諜
7292	諝
7293	諞
7294	諟
7295	諠
7296	諡
7297	諢
7298	諤
7299	諦
7300	諧
7301	諫
7302	諭
7303	諮
7304	諱
7305	諲
7306	諳
7307	諴
7308	諶
7309	諷
7310	諸
7311	諺
7312	諼
7313	諾
7314	謀
7315	謁
7316	謂
7317	謄
7318	謇
7319	謌
7320	謎
7321	謏
7322	謐
7323	謔
7324	謖
7325	謗
7326	謙
7327	謚
7328	講
7329	謜
7330	謝
7331	謠
7332	謡
7333	謦
7334	謨
7335	謫
7336	謬
7337	謳
7338	謹
7339	謾
7340	譁
7341	譃
7342	證
7343	譌
7344	譎
7345	譏
7346	譔
7347	譖
7348	識
7349	譙
7350	譚
7351	譛
7352	譜
7353	譞
7354	譟
7355	警
7356	譫
7357	譬
7358	譯
7359	議
7360	譱
7361	譲
7362	譴
7363	護
7364	譻
7365	譽
7366	讀
7367	讃
7368	變
7369	讌
7370	讎
7371	讐
7372	讒
7373	讓
7374	讖
7375	讙
7376	讚
7377	讜
7378	谷
7379	谺
7380	谿
7381	豁
7382	豆
7383	豇
7384	豈
7385	豉
7386	豊
7387	豌
7388	豎
7389	豐
7390	豕
7391	豚
7392	象
7393	豢
7394	豨
7395	豪
7396	豫
7397	豬
7398	豳
7399	豸
7400	豹
7401	豺
7402	豼
7403	貂
7404	貅
7405	貉
7406	貊
7407	貌
7408	貍
7409	貎
7410	貔
7411	貘
7412	貝
7413	貞
7414	負
7415	財
7416	貢
7417	貤
7418	貧
7419	貨
7420	販
7421	貪
7422	貫
7423	責
7424	貭
7425	貮
7426	貯
7427	貰
7428	貲
7429	貳
7430	貴
7431	貶
7432	買
7433	貸
7434	貺
7435	費
7436	貼
7437	貽
7438	貿
7439	賀
7440	賁
7441	賂
7442	賃
7443	賄
7444	資
7445	賈
7446	賊
7447	賍
7448	賎
7449	賑
7450	賓
7451	賚
7452	賛
7453	賜
7454	賞
7455	賠
7456	賡
7457	賢
7458	賣
7459	賤
7460	賦
7461	質
7462	賭
7463	賰
7464	賴
7465	賺
7466	賻
7467	購
7468	賽
7469	賾
7470	贄
7471	贅
7472	贇
7473	贈
7474	贊
7475	贋
7476	贍
7477	贏
7478	贐
7479	贓
7480	贔
7481	贖
7482	贛
7483	贵
7484	赐
7485	赖
7486	赤
7487	赦
7488	赧
7489	赫
7490	赬
7491	赭
7492	走
7493	赱
7494	赳
7495	赴
7496	起
7497	趁
7498	超
7499	越
7500	趕
7501	趙
7502	趣
7503	趨
7504	足
7505	趵
7506	趺
7507	趾
7508	跂
7509	跆
7510	跋
7511	跌
7512	跎
7513	跏
7514	跑
7515	跖
7516	跚
7517	跛
7518	距
7519	跟
7520	跡
7521	跣
7522	跨
7523	跪
7524	跫
7525	路
7526	跳
7527	践
7528	跼
7529	跿
7530	踈
7531	踉
7532	踊
7533	踏
7534	踐
7535	踝
7536	踞
7537	踟
7538	踠
7539	踪
7540	踰
7541	踴
7542	踵
7543	蹂
7544	蹄
7545	蹇
7546	蹈
7547	蹉
7548	蹊
7549	蹋
7550	蹌
7551	蹐
7552	蹕
7553	蹙
7554	蹟
7555	蹠
7556	蹣
7557	蹤
7558	蹬
7559	蹲
7560	蹴
7561	蹶
7562	蹻
7563	蹼
7564	躁
7565	躄
7566	躅
7567	躇
7568	躊
7569	躋
7570	躍
7571	躑
7572	躓
7573	躔
7574	躙
7575	躡
7576	躪
7577	身
7578	躬
7579	躯
7580	躰
7581	躱
7582	躶
7583	躾
7584	軀
7585	軅
7586	軆
7587	軈
7588	車
7589	軋
7590	軌
7591	軍
7592	軏
7593	軒
7594	軔
7595	軛
7596	軟
7597	転
7598	軣
7599	軫
7600	軸
7601	軺
7602	軻
7603	軼
7604	軽
7605	軾
7606	較
7607	輅
7608	輇
7609	載
7610	輊
7611	輌
7612	輒
7613	輓
7614	輔
7615	輕
7616	輗
7617	輙
7618	輛
7619	輜
7620	輝
7621	輞
7622	輟
7623	輦
7624	輨
7625	輩
7626	輪
7627	輭
7628	輯
7629	輳
7630	輸
7631	輹
7632	輻
7633	輾
7634	輿
7635	轂
7636	轄
7637	轅
7638	轆
7639	轉
7640	轌
7641	轍
7642	轎
7643	轑
7644	轔
7645	轗
7646	轜
7647	轟
7648	轡
7649	轢
7650	轣
7651	轤
7652	轰
7653	辛
7654	辜
7655	辞
7656	辟
7657	辣
7658	辦
7659	辧
7660	辨
7661	辭
7662	辮
7663	辯
7664	辰
7665	辱
7666	農
7667	辵
7668	辶
7669	辷
7670	辺
7671	辻
7672	込
7673	辿
7674	迂
7675	迄
7676	迅
7677	迎
7678	近
7679	返
7680	迚
7681	连
7682	迢
7683	迥
7684	迦
7685	迩
7686	迪
7687	迫
7688	迭
7689	迯
7690	述
7691	迴
7692	迶
7693	迷
7694	迸
7695	迹
7696	迺
7697	追
7698	退
7699	送
7700	适
7701	逃
7702	逄
7703	逅
7704	逆
7705	逈
7706	逋
7707	逌
7708	逍
7709	逎
7710	透
7711	逐
7712	逑
7713	逓
7714	途
7715	逕
7716	逖
7717	逗
7718	這
7719	通
7720	逝
7721	逞
7722	速
7723	造
7724	逡
7725	逢
7726	連
7727	逧
7728	逮
7729	逯
7730	週
7731	進
7732	逴
7733	逵
7734	逶
7735	逸
7736	逹
7737	逼
7738	逾
7739	遁
7740	遂
7741	遅
7742	遇
7743	遉
7744	遊
7745	運
7746	遍
7747	過
7748	遏
7749	遐
7750	遑
7751	遒
7752	道
7753	達
7754	違
7755	遖
7756	遘
7757	遙
7758	遛
7759	遜
7760	遞
7761	遠
7762	遡
7763	遣
7764	遥
7765	遨
7766	適
7767	遭
7768	遮
7769	遯
7770	遲
7771	遵
7772	遶
7773	遷
7774	選
7775	遹
7776	遺
7777	遼
7778	遽
7779	避
7780	邀
7781	邁
7782	邂
7783	邃
7784	還
7785	邇
7786	邈
7787	邉
7788	邊
7789	邏
7790	邑
7791	邕
7792	邗
7793	邙
7794	邛
7795	邠
7796	邡
7797	邢
7798	那
7799	邦
7800	邨
7801	邪
7802	邯
7803	邱
7804	邲
7805	邳
7806	邴
7807	邵
7808	邶
7809	邸
7810	邽
7811	邾
7812	郁
7813	郃
7814	郄
7815	郅
7816	郇
7817	郈
7818	郊
7819	郎
7820	郗
7821	郛
7822	郜
7823	郝
7824	郞
7825	郟
7826	郡
7827	郢
7828	郤
7829	部
7830	郫
7831	郭
7832	郯
7833	郴
7834	郵
7835	郷
7836	都
7837	郾
7838	郿
7839	鄂
7840	鄄
7841	鄆
7842	鄉
7843	鄒
7844	鄔
7845	鄕
7846	鄖
7847	鄘
7848	鄙
7849	鄚
7850	鄜
7851	鄞
7852	鄠
7853	鄢
7854	鄣
7855	鄧
7856	鄩
7857	鄭
7858	鄯
7859	鄰
7860	鄱
7861	鄲
7862	鄴
7863	鄶
7864	鄺
7865	酃
7866	酆
7867	酈
7868	酉
7869	酊
7870	酋
7871	酌
7872	配
7873	酎
7874	酒
7875	酔
7876	酖
7877	酘
7878	酛
7879	酡
7880	酢
7881	酣
7882	酤
7883	酥
7884	酩
7885	酪
7886	酬
7887	酲
7888	酳
7889	酵
7890	酷
7891	酸
7892	酺
7893	醂
7894	醇
7895	醉
7896	醋
7897	醍
7898	醐
7899	醒
7900	醗
7901	醜
7902	醢
7903	醤
7904	醪
7905	醫
7906	醬
7907	醯
7908	醱
7909	醴
7910	醵
7911	醸
7912	醺
7913	醻
7914	釀
7915	釁
7916	釆
7917	采
7918	釈
7919	釉
7920	釋
7921	里
7922	重
7923	野
7924	量
7925	釐
7926	金
7927	釖
7928	釗
7929	釘
7930	釛
7931	釜
7932	針
7933	釟
7934	釡
7935	釣
7936	釤
7937	釦
7938	釧
7939	釭
7940	釵
7941	釶
7942	釻
7943	釼
7944	釿
7945	鈁
7946	鈆
7947	鈊
7948	鈍
7949	鈎
7950	鈐
7951	鈑
7952	鈔
7953	鈕
7954	鈞
7955	鈩
7956	鈬
7957	鈴
7958	鈷
7959	鈸
7960	鈺
7961	鈿
7962	鉀
7963	鉃
7964	鉄
7965	鉅
7966	鉇
7967	鉈
7968	鉉
7969	鉊
7970	鉋
7971	鉎
7972	鉏
7973	鉐
7974	鉗
7975	鉚
7976	鉛
7977	鉞
7978	鉢
7979	鉤
7980	鉦
7981	鉧
7982	鉱
7983	鉶
7984	鉷
7985	鉸
7986	鉾
7987	銀
7988	銃
7989	銅
7990	銈
7991	銍
7992	銑
7993	銓
7994	銕
7995	銖
7996	銘
7997	銙
7998	銚
7999	銛
8000	銜
8001	銭
8002	銲
8003	銶
8004	銷
8005	銹
8006	銺
8007	鋌
8008	鋏
8009	鋐
8010	鋒
8011	鋗
8012	鋠
8013	鋤
8014	鋧
8015	鋩
8016	鋪
8017	鋭
8018	鋮
8019	鋲
8020	鋳
8021	鋸
8022	鋹
8023	鋺
8024	鋼
8025	鋿
8026	錄
8027	錆
8028	錏
8029	錐
8030	錕
8031	錘
8032	錙
8033	錚
8034	錞
8035	錠
8036	錡
8037	錢
8038	錣
8039	錥
8040	錦
8041	錨
8042	錩
8043	錫
8044	錬
8045	錮
8046	錯
8047	録
8048	錵
8049	錺
8050	錻
8051	鍄
8052	鍇
8053	鍈
8054	鍊
8055	鍋
8056	鍍
8057	鍑
8058	鍔
8059	鍖
8060	鍗
8061	鍚
8062	鍛
8063	鍜
8064	鍠
8065	鍬
8066	鍭
8067	鍮
8068	鍳
8069	鍵
8070	鍼
8071	鍾
8072	鎌
8073	鎔
8074	鎖
8075	鎗
8076	鎚
8077	鎛
8078	鎡
8079	鎣
8080	鎧
8081	鎬
8082	鎭
8083	鎮
8084	鎰
8085	鎹
8086	鎺
8087	鏃
8088	鏆
8089	鏈
8090	鏋
8091	鏐
8092	鏑
8093	鏖
8094	鏗
8095	鏘
8096	鏜
8097	鏝
8098	鏞
8099	鏟
8100	鏡
8101	鏢
8102	鏤
8103	鏥
8104	鏧
8105	鏨
8106	鏱
8107	鏵
8108	鏻
8109	鐃
8110	鐇
8111	鐐
8112	鐓
8113	鐔
8114	鐗
8115	鐘
8116	鐙
8117	鐚
8118	鐡
8119	鐫
8120	鐳
8121	鐵
8122	鐶
8123	鐸
8124	鐺
8125	鑁
8126	鑄
8127	鑅
8128	鑑
8129	鑒
8130	鑓
8131	鑚
8132	鑛
8133	鑞
8134	鑠
8135	鑡
8136	鑢
8137	鑪
8138	鑫
8139	鑰
8140	鑲
8141	鑵
8142	鑷
8143	鑼
8144	鑽
8145	鑾
8146	鑿
8147	钁
8148	针
8149	長
8150	镹
8151	門
8152	閂
8153	閃
8154	閆
8155	閇
8156	閉
8157	閊
8158	開
8159	閎
8160	閏
8161	閑
8162	閒
8163	間
8164	閔
8165	閖
8166	閘
8167	閙
8168	閠
8169	関
8170	閣
8171	閤
8172	閥
8173	閦
8174	閧
8175	閨
8176	閩
8177	閬
8178	閭
8179	閲
8180	閶
8181	閹
8182	閻
8183	閼
8184	閽
8185	閾
8186	闃
8187	闇
8188	闊
8189	闌
8190	闍
8191	闐
8192	闓
8193	闔
8194	闕
8195	闖
8196	闘
8197	關
8198	闞
8199	闡
8200	闢
8201	闥
8202	间
8203	阎
8204	阜
8205	阡
8206	阨
8207	阪
8208	阮
8209	阯
8210	防
8211	阳
8212	阻
8213	阿
8214	陀
8215	陂
8216	附
8217	陋
8218	陌
8219	降
8220	陏
8221	限
8222	陔
8223	陖
8224	陘
8225	陛
8226	陜
8227	陝
8228	陞
8229	陟
8230	院
8231	陣
8232	除
8233	陥
8234	陦
8235	陪
8236	陬
8237	陭
8238	陰
8239	陲
8240	陳
8241	陵
8242	陶
8243	陷
8244	陸
8245	険
8246	陽
8247	隂
8248	隄
8249	隅
8250	隆
8251	隈
8252	隊
8253	隋
8254	隍
8255	階
8256	随
8257	隔
8258	隕
8259	隗
8260	隘
8261	隙
8262	際
8263	障
8264	隝
8265	隠
8266	隣
8267	隧
8268	隨
8269	險
8270	隯
8271	隰
8272	隱
8273	隲
8274	隴
8275	隶
8276	隷
8277	隸
8278	隹
8279	隺
8280	隻
8281	隼
8282	雀
8283	雁
8284	雄
8285	雅
8286	集
8287	雇
8288	雉
8289	雊
8290	雋
8291	雌
8292	雍
8293	雎
8294	雏
8295	雑
8296	雒
8297	雕
8298	雖
8299	雙
8300	雛
8301	雜
8302	雝
8303	雞
8304	離
8305	難
8306	雨
8307	雩
8308	雪
8309	雫
8310	雯
8311	雰
8312	雱
8313	雲
8314	零
8315	雷
8316	雹
8317	電
8318	需
8319	霄
8320	霆
8321	震
8322	霈
8323	霊
8324	霍
8325	霎
8326	霏
8327	霑
8328	霓
8329	霖
8330	霙
8331	霜
8332	霞
8333	霤
8334	霧
8335	霨
8336	霪
8337	霰
8338	露
8339	霸
8340	霹
8341	霽
8342	霾
8343	靁
8344	靂
8345	靄
8346	靆
8347	靇
8348	靈
8349	靉
8350	靍
8351	靏
8352	靑
8353	青
8354	靖
8355	靗
8356	静
8357	靚
8358	靛
8359	靜
8360	非
8361	靠
8362	靡
8363	面
8364	靤
8365	靦
8366	靨
8367	革
8368	靫
8369	靭
8370	靱
8371	靳
8372	靴
8373	靹
8374	靺
8375	靼
8376	鞁
8377	鞄
8378	鞅
8379	鞆
8380	鞋
8381	鞍
8382	鞏
8383	鞐
8384	鞘
8385	鞜
8386	鞠
8387	鞢
8388	鞣
8389	鞦
8390	鞨
8391	鞫
8392	鞬
8393	鞭
8394	鞮
8395	鞳
8396	鞴
8397	鞺
8398	韃
8399	韆
8400	韈
8401	韋
8402	韓
8403	韙
8404	韜
8405	韞
8406	韭
8407	韮
8408	韲
8409	音
8410	韴
8411	韵
8412	韶
8413	韻
8414	響
8415	頁
8416	頂
8417	頃
8418	項
8419	順
8420	須
8421	頊
8422	頌
8423	頍
8424	頎
8425	頏
8426	預
8427	頑
8428	頒
8429	頓
8430	頗
8431	領
8432	頚
8433	頞
8434	頠
8435	頡
8436	頣
8437	頤
8438	頥
8439	頫
8440	頬
8441	頭
8442	頰
8443	頲
8444	頴
8445	頵
8446	頷
8447	頸
8448	頻
8449	頼
8450	頽
8451	顆
8452	顋
8453	題
8454	額
8455	顎
8456	顏
8457	顒
8458	顓
8459	顔
8460	顕
8461	顗
8462	願
8463	顙
8464	顚
8465	顛
8466	類
8467	顥
8468	顧
8469	顫
8470	顬
8471	顯
8472	顰
8473	顱
8474	顳
8475	顴
8476	風
8477	颪
8478	颯
8479	颱
8480	颶
8481	颷
8482	颸
8483	颺
8484	颼
8485	飃
8486	飄
8487	飆
8488	飈
8489	飛
8490	飜
8491	飞
8492	食
8493	飡
8494	飢
8495	飩
8496	飫
8497	飭
8498	飮
8499	飯
8500	飰
8501	飲
8502	飴
8503	飼
8504	飽
8505	飾
8506	餃
8507	餅
8508	餉
8509	養
8510	餌
8511	餐
8512	餒
8513	餓
8514	餔
8515	餗
8516	餘
8517	餝
8518	餞
8519	餠
8520	餡
8521	餤
8522	館
8523	餬
8524	餮
8525	餲
8526	餽
8527	餾
8528	饂
8529	饅
8530	饉
8531	饋
8532	饌
8533	饐
8534	饑
8535	饒
8536	饕
8537	饗
8538	首
8539	馗
8540	馘
8541	香
8542	馛
8543	馞
8544	馥
8545	馨
8546	馬
8547	馭
8548	馮
8549	馳
8550	馴
8551	馼
8552	駁
8553	駄
8554	駅
8555	駆
8556	駈
8557	駐
8558	駑
8559	駒
8560	駕
8561	駘
8562	駙
8563	駛
8564	駝
8565	駟
8566	駢
8567	駭
8568	駮
8569	駱
8570	駲
8571	駸
8572	駻
8573	駿
8574	騁
8575	騄
8576	騅
8577	騎
8578	騏
8579	騒
8580	験
8581	騖
8582	騙
8583	騤
8584	騨
8585	騫
8586	騭
8587	騮
8588	騰
8589	騶
8590	騷
8591	騸
8592	騾
8593	驀
8594	驁
8595	驂
8596	驃
8597	驅
8598	驊
8599	驍
8600	驎
8601	驒
8602	驕
8603	驗
8604	驚
8605	驛
8606	驟
8607	驢
8608	驤
8609	驥
8610	驩
8611	驪
8612	驫
8613	骨
8614	骭
8615	骰
8616	骶
8617	骸
8618	骼
8619	髀
8620	髃
8621	髄
8622	髆
8623	髏
8624	髑
8625	髓
8626	體
8627	高
8628	髙
8629	髞
8630	髟
8631	髠
8632	髢
8633	髣
8634	髦
8635	髪
8636	髫
8637	髭
8638	髮
8639	髯
8640	髱
8641	髴
8642	髷
8643	髻
8644	鬆
8645	鬐
8646	鬘
8647	鬚
8648	鬟
8649	鬢
8650	鬣
8651	鬥
8652	鬧
8653	鬨
8654	鬩
8655	鬪
8656	鬭
8657	鬮
8658	鬯
8659	鬱
8660	鬲
8661	鬴
8662	鬻
8663	鬼
8664	魁
8665	魂
8666	魃
8667	魄
8668	魅
8669	魈
8670	魋
8671	魍
8672	魎
8673	魏
8674	魑
8675	魔
8676	魘
8677	魚
8678	魣
8679	魯
8680	魲
8681	魳
8682	魴
8683	魹
8684	鮃
8685	鮄
8686	鮊
8687	鮎
8688	鮑
8689	鮒
8690	鮓
8691	鮖
8692	鮗
8693	鮞
8694	鮟
8695	鮠
8696	鮧
8697	鮨
8698	鮪
8699	鮫
8700	鮭
8701	鮮
8702	鮴
8703	鮸
8704	鮹
8705	鯀
8706	鯁
8707	鯆
8708	鯉
8709	鯊
8710	鯎
8711	鯏
8712	鯑
8713	鯒
8714	鯔
8715	鯖
8716	鯛
8717	鯝
8718	鯡
8719	鯢
8720	鯣
8721	鯤
8722	鯥
8723	鯨
8724	鯪
8725	鯯
8726	鯰
8727	鯱
8728	鯲
8729	鯵
8730	鯷
8731	鯽
8732	鰀
8733	鰂
8734	鰄
8735	鰆
8736	鰈
8737	鰉
8738	鰊
8739	鰌
8740	鰍
8741	鰐
8742	鰒
8743	鰓
8744	鰔
8745	鰕
8746	鰘
8747	鰛
8748	鰡
8749	鰣
8750	鰤
8751	鰥
8752	鰧
8753	鰩
8754	鰭
8755	鰮
8756	鰯
8757	鰰
8758	鰱
8759	鰲
8760	鰶
8761	鰹
8762	鰺
8763	鰻
8764	鰾
8765	鱁
8766	鱆
8767	鱇
8768	鱈
8769	鱉
8770	鱏
8771	鱒
8772	鱓
8773	鱗
8774	鱘
8775	鱚
8776	鱝
8777	鱟
8778	鱠
8779	鱧
8780	鱮
8781	鱰
8782	鱲
8783	鱶
8784	鱷
8785	鱸
8786	鳥
8787	鳧
8788	鳩
8789	鳫
8790	鳬
8791	鳰
8792	鳳
8793	鳴
8794	鳶
8795	鴃
8796	鴆
8797	鴇
8798	鴈
8799	鴉
8800	鴋
8801	鴎
8802	鴒
8803	鴕
8804	鴗
8805	鴘
8806	鴛
8807	鴟
8808	鴣
8809	鴦
8810	鴨
8811	鴪
8812	鴫
8813	鴬
8814	鴻
8815	鴾
8816	鴿
8817	鵁
8818	鵄
8819	鵆
8820	鵈
8821	鵐
8822	鵑
8823	鵙
8824	鵜
8825	鵝
8826	鵞
8827	鵟
8828	鵠
8829	鵡
8830	鵤
8831	鵬
8832	鵯
8833	鵰
8834	鵲
8835	鵺
8836	鵼
8837	鵾
8838	鶆
8839	鶇
8840	鶉
8841	鶊
8842	鶍
8843	鶏
8844	鶙
8845	鶚
8846	鶡
8847	鶤
8848	鶩
8849	鶫
8850	鶯
8851	鶲
8852	鶴
8853	鶸
8854	鶺
8855	鶻
8856	鶿
8857	鷀
8858	鷁
8859	鷂
8860	鷄
8861	鷆
8862	鷏
8863	鷓
8864	鷗
8865	鷙
8866	鷚
8867	鷟
8868	鷦
8869	鷧
8870	鷭
8871	鷯
8872	鷲
8873	鷴
8874	鷸
8875	鷹
8876	鷺
8877	鷽
8878	鸇
8879	鸎
8880	鸐
8881	鸕
8882	鸙
8883	鸚
8884	鸛
8885	鸞
8886	鸡
8887	鹵
8888	鹸
8889	鹹
8890	鹼
8891	鹽
8892	鹿
8893	麁
8894	麂
8895	麃
8896	麈
8897	麋
8898	麌
8899	麑
8900	麒
8901	麓
8902	麕
8903	麗
8904	麛
8905	麝
8906	麞
8907	麟
8908	麤
8909	麥
8910	麦
8911	麩
8912	麪
8913	麭
8914	麴
8915	麵
8916	麸
8917	麹
8918	麺
8919	麻
8920	麼
8921	麽
8922	麾
8923	麿
8924	黃
8925	黄
8926	黈
8927	黌
8928	黍
8929	黎
8930	黏
8931	黐
8932	黑
8933	黒
8934	黔
8935	默
8936	黙
8937	黛
8938	黜
8939	黝
8940	點
8941	黟
8942	黠
8943	黥
8944	黨
8945	黯
8946	黴
8947	黵
8948	黶
8949	黷
8950	黻
8951	黼
8952	黽
8953	鼇
8954	鼈
8955	鼉
8956	鼎
8957	鼐
8958	鼒
8959	鼓
8960	鼕
8961	鼙
8962	鼠
8963	鼡
8964	鼬
8965	鼯
8966	鼷
8967	鼹
8968	鼺
8969	鼻
8970	鼽
8971	鼾
8972	齊
8973	齋
8974	齎
8975	齏
8976	齒
8977	齔
8978	齕
8979	齟
8980	齠
8981	齡
8982	齢
8983	齣
8984	齦
8985	齧
8986	齪
8987	齬
8988	齮
8989	齰
8990	齲
8991	齶
8992	齷
8993	龍
8994	龐
8995	龑
8996	龔
8997	龕
8998	龗
8999	龜
9000	龝
9001	龠
9002	龢
9003	ꇴ
9004	ꉂ
9005	꒳
9006	꠸
9007	가
9008	강
9009	겨
9010	과
9011	광
9012	구
9013	국
9014	규
9015	께
9016	꽃
9017	난
9018	니
9019	다
9020	담
9021	대
9022	동
9023	라
9024	리
9025	링
9026	매
9027	머
9028	명
9029	문
9030	민
9031	박
9032	발
9033	배
9034	뱅
9035	보
9036	복
9037	부
9038	빅
9039	산
9040	서
9041	선
9042	설
9043	수
9044	순
9045	승
9046	신
9047	어
9048	엘
9049	연
9050	영
9051	용
9052	우
9053	울
9054	워
9055	유
9056	의
9057	이
9058	인
9059	절
9060	점
9061	정
9062	조
9063	주
9064	준
9065	중
9066	지
9067	초
9068	최
9069	콜
9070	튜
9071	트
9072	판
9073	플
9074	하
9075	한
9076	함
9077	항
9078	해
9079	현
9080	호
9081	홍
9082	
9083	
9084	﨏
9085	﨑
9086	﨟
9087	﷼
9088	︎
9089	️
9090	︶
9091	︿
9092	﹀
9093	﹃
9094	﹅
9095	﹆
9096	﹏
9097	！
9098	＃
9099	＄
9100	％
9101	＆
9102	＇
9103	（
9104	）
9105	＊
9106	＋
9107	，
9108	－
9109	．
9110	／
9111	０
9112	１
9113	２
9114	３
9115	４
9116	５
9117	６
9118	７
9119	８
9120	９
9121	：
9122	；
9123	＜
9124	＝
9125	＞
9126	？
9127	＠
9128	Ａ
9129	Ｂ
9130	Ｃ
9131	Ｄ
9132	Ｅ
9133	Ｆ
9134	Ｇ
9135	Ｈ
9136	Ｉ
9137	Ｊ
9138	Ｋ
9139	Ｌ
9140	Ｍ
9141	Ｎ
9142	Ｏ
9143	Ｐ
9144	Ｑ
9145	Ｒ
9146	Ｓ
9147	Ｔ
9148	Ｕ
9149	Ｖ
9150	Ｗ
9151	Ｘ
9152	Ｙ
9153	Ｚ
9154	［
9155	＼
9156	］
9157	＾
9158	＿
9159	｀
9160	ａ
9161	ｂ
9162	ｃ
9163	ｄ
9164	ｅ
9165	ｆ
9166	ｇ
9167	ｈ
9168	ｉ
9169	ｊ
9170	ｋ
9171	ｌ
9172	ｍ
9173	ｎ
9174	ｏ
9175	ｐ
9176	ｑ
9177	ｒ
9178	ｓ
9179	ｔ
9180	ｕ
9181	ｖ
9182	ｗ
9183	ｘ
9184	ｙ
9185	ｚ
9186	｛
9187	｜
9188	｝
9189	～
9190	￣
9191	￥
9192	�
9193	𐤔
9194	𝄞
9195	𝑩
9196	𝑬
9197	𝑮
9198	𝑰
9199	𝑳
9200	𝑶
9201	𝑻
9202	𝑽
9203	𝒂
9204	𝒉
9205	𝒌
9206	𝒏
9207	𝒔
9208	𝕏
9209	𝗧
9210	𝗮
9211	𝗶
9212	𝗸
9213	𝗺
9214	𝗻
9215	𝗼
9216	𝘇
9217	🀄
9218	🃏
9219	🅰
9220	🅱
9221	🅾
9222	🅿
9223	🆑
9224	🆓
9225	🆕
9226	🆖
9227	🆗
9228	🆘
9229	🆙
9230	🆚
9231	🇦
9232	🇧
9233	🇨
9234	🇩
9235	🇪
9236	🇫
9237	🇬
9238	🇭
9239	🇮
9240	🇯
9241	🇰
9242	🇱
9243	🇳
9244	🇵
9245	🇷
9246	🇸
9247	🇹
9248	🇺
9249	🇻
9250	🇼
9251	🈁
9252	🈂
9253	🈚
9254	🈲
9255	🈳
9256	🈵
9257	🈶
9258	🈹
9259	🉐
9260	🉑
9261	🌀
9262	🌂
9263	🌃
9264	🌄
9265	🌅
9266	🌆
9267	🌇
9268	🌈
9269	🌉
9270	🌊
9271	🌋
9272	🌌
9273	🌍
9274	🌎
9275	🌏
9276	🌐
9277	🌒
9278	🌓
9279	🌔
9280	🌕
9281	🌖
9282	🌗
9283	🌙
9284	🌚
9285	🌛
9286	🌜
9287	🌝
9288	🌞
9289	🌟
9290	🌠
9291	🌡
9292	🌤
9293	🌥
9294	🌧
9295	🌨
9296	🌩
9297	🌪
9298	🌫
9299	🌬
9300	🌭
9301	🌮
9302	🌰
9303	🌱
9304	🌲
9305	🌳
9306	🌴
9307	🌵
9308	🌶
9309	🌷
9310	🌸
9311	🌹
9312	🌺
9313	🌻
9314	🌼
9315	🌽
9316	🌾
9317	🌿
9318	🍀
9319	🍁
9320	🍂
9321	🍃
9322	🍄
9323	🍅
9324	🍆
9325	🍇
9326	🍈
9327	🍉
9328	🍊
9329	🍋
9330	🍌
9331	🍍
9332	🍎
9333	🍏
9334	🍐
9335	🍑
9336	🍒
9337	🍓
9338	🍔
9339	🍕
9340	🍖
9341	🍗
9342	🍘
9343	🍙
9344	🍚
9345	🍛
9346	🍜
9347	🍝
9348	🍞
9349	🍟
9350	🍠
9351	🍡
9352	🍢
9353	🍣
9354	🍤
9355	🍥
9356	🍦
9357	🍧
9358	🍨
9359	🍩
9360	🍪
9361	🍫
9362	🍬
9363	🍭
9364	🍮
9365	🍯
9366	🍰
9367	🍱
9368	🍲
9369	🍳
9370	🍴
9371	🍵
9372	🍶
9373	🍷
9374	🍸
9375	🍹
9376	🍺
9377	🍻
9378	🍼
9379	🍽
9380	🍾
9381	🍿
9382	🎀
9383	🎁
9384	🎂
9385	🎃
9386	🎄
9387	🎅
9388	🎆
9389	🎇
9390	🎈
9391	🎉
9392	🎊
9393	🎋
9394	🎌
9395	🎍
9396	🎎
9397	🎏
9398	🎐
9399	🎑
9400	🎒
9401	🎓
9402	🎖
9403	🎗
9404	🎙
9405	🎞
9406	🎟
9407	🎠
9408	🎡
9409	🎢
9410	🎣
9411	🎤
9412	🎥
9413	🎦
9414	🎧
9415	🎨
9416	🎩
9417	🎪
9418	🎫
9419	🎬
9420	🎭
9421	🎮
9422	🎯
9423	🎰
9424	🎱
9425	🎲
9426	🎳
9427	🎴
9428	🎵
9429	🎶
9430	🎷
9431	🎸
9432	🎹
9433	🎺
9434	🎻
9435	🎼
9436	🎾
9437	🏀
9438	🏁
9439	🏃
9440	🏄
9441	🏅
9442	🏆
9443	🏇
9444	🏊
9445	🏋
9446	🏌
9447	🏍
9448	🏎
9449	🏐
9450	🏔
9451	🏕
9452	🏖
9453	🏗
9454	🏘
9455	🏙
9456	🏛
9457	🏝
9458	🏞
9459	🏟
9460	🏠
9461	🏡
9462	🏢
9463	🏥
9464	🏨
9465	🏩
9466	🏪
9467	🏫
9468	🏬
9469	🏮
9470	🏯
9471	🏰
9472	🏳
9473	🏴
9474	🏵
9475	🏷
9476	🏹
9477	🏺
9478	🏻
9479	🏼
9480	🏽
9481	🏿
9482	🐀
9483	🐁
9484	🐂
9485	🐃
9486	🐄
9487	🐅
9488	🐆
9489	🐇
9490	🐈
9491	🐉
9492	🐊
9493	🐋
9494	🐌
9495	🐍
9496	🐎
9497	🐏
9498	🐐
9499	🐑
9500	🐒
9501	🐓
9502	🐔
9503	🐕
9504	🐖
9505	🐗
9506	🐘
9507	🐙
9508	🐚
9509	🐛
9510	🐜
9511	🐝
9512	🐞
9513	🐟
9514	🐠
9515	🐡
9516	🐢
9517	🐣
9518	🐤
9519	🐥
9520	🐦
9521	🐧
9522	🐨
9523	🐩
9524	🐬
9525	🐭
9526	🐮
9527	🐯
9528	🐰
9529	🐱
9530	🐲
9531	🐳
9532	🐴
9533	🐵
9534	🐶
9535	🐷
9536	🐸
9537	🐹
9538	🐺
9539	🐻
9540	🐼
9541	🐽
9542	🐾
9543	🐿
9544	👀
9545	👁
9546	👂
9547	👃
9548	👄
9549	👅
9550	👆
9551	👇
9552	👈
9553	👉
9554	👊
9555	👋
9556	👌
9557	👍
9558	👎
9559	👏
9560	👐
9561	👑
9562	👒
9563	👓
9564	👔
9565	👕
9566	👖
9567	👗
9568	👘
9569	👙
9570	👚
9571	👛
9572	👜
9573	👟
9574	👠
9575	👣
9576	👤
9577	👦
9578	👧
9579	👨
9580	👩
9581	👫
9582	👮
9583	👯
9584	👰
9585	👱
9586	👳
9587	👴
9588	👵
9589	👶
9590	👷
9591	👸
9592	👹
9593	👺
9594	👻
9595	👼
9596	👽
9597	👾
9598	👿
9599	💀
9600	💁
9601	💃
9602	💄
9603	💅
9604	💆
9605	💇
9606	💉
9607	💊
9608	💋
9609	💌
9610	💍
9611	💎
9612	💏
9613	💐
9614	💑
9615	💒
9616	💓
9617	💔
9618	💕
9619	💖
9620	💗
9621	💘
9622	💙
9623	💚
9624	💛
9625	💜
9626	💝
9627	💞
9628	💟
9629	💠
9630	💡
9631	💢
9632	💣
9633	💤
9634	💥
9635	💦
9636	💧
9637	💨
9638	💩
9639	💪
9640	💫
9641	💬
9642	💭
9643	💮
9644	💯
9645	💰
9646	💲
9647	💳
9648	💴
9649	💵
9650	💸
9651	💹
9652	💻
9653	💼
9654	💿
9655	📀
9656	📄
9657	📅
9658	📈
9659	📌
9660	📍
9661	📎
9662	📒
9663	📓
9664	📔
9665	📕
9666	📖
9667	📗
9668	📘
9669	📙
9670	📚
9671	📛
9672	📝
9673	📞
9674	📡
9675	📢
9676	📣
9677	📦
9678	📧
9679	📨
9680	📩
9681	📫
9682	📮
9683	📰
9684	📱
9685	📲
9686	📷
9687	📸
9688	📺
9689	📻
9690	📼
9691	📽
9692	📿
9693	🔁
9694	🔃
9695	🔄
9696	🔅
9697	🔆
9698	🔋
9699	🔍
9700	🔎
9701	🔑
9702	🔒
9703	🔔
9704	🔖
9705	🔗
9706	🔘
9707	🔙
9708	🔚
9709	🔛
9710	🔜
9711	🔞
9712	🔟
9713	🔥
9714	🔦
9715	🔧
9716	🔨
9717	🔩
9718	🔪
9719	🔫
9720	🔮
9721	🔰
9722	🔱
9723	🔴
9724	🔵
9725	🔶
9726	🔷
9727	🔸
9728	🔹
9729	🔺
9730	🔻
9731	🔽
9732	🕊
9733	🕐
9734	🕑
9735	🕒
9736	🕔
9737	🕕
9738	🕖
9739	🕘
9740	🕙
9741	🕚
9742	🕛
9743	🕥
9744	🕦
9745	🕯
9746	🕰
9747	🕳
9748	🕵
9749	🕶
9750	🕷
9751	🕸
9752	🕺
9753	🖊
9754	🖋
9755	🖌
9756	🖐
9757	🖕
9758	🖤
9759	🖥
9760	🖼
9761	🗑
9762	🗒
9763	🗓
9764	🗝
9765	🗞
9766	🗡
9767	🗣
9768	🗯
9769	🗳
9770	🗺
9771	🗻
9772	🗼
9773	🗽
9774	🗾
9775	🗿
9776	😀
9777	😁
9778	😂
9779	😃
9780	😄
9781	😅
9782	😆
9783	😇
9784	😈
9785	😉
9786	😊
9787	😋
9788	😌
9789	😍
9790	😎
9791	😏
9792	😐
9793	😑
9794	😒
9795	😓
9796	😔
9797	😕
9798	😖
9799	😗
9800	😘
9801	😙
9802	😚
9803	😛
9804	😜
9805	😝
9806	😞
9807	😟
9808	😠
9809	😡
9810	😢
9811	😣
9812	😤
9813	😥
9814	😦
9815	😧
9816	😨
9817	😩
9818	😪
9819	😫
9820	😬
9821	😭
9822	😮
9823	😯
9824	😰
9825	😱
9826	😲
9827	😳
9828	😴
9829	😵
9830	😶
9831	😷
9832	😸
9833	😹
9834	😺
9835	😻
9836	😼
9837	😽
9838	😾
9839	😿
9840	🙀
9841	🙁
9842	🙂
9843	🙃
9844	🙄
9845	🙅
9846	🙆
9847	🙇
9848	🙈
9849	🙉
9850	🙊
9851	🙋
9852	🙌
9853	🙍
9854	🙎
9855	🙏
9856	🚀
9857	🚁
9858	🚂
9859	🚃
9860	🚄
9861	🚅
9862	🚌
9863	🚑
9864	🚒
9865	🚓
9866	🚕
9867	🚗
9868	🚘
9869	🚙
9870	🚚
9871	🚛
9872	🚢
9873	🚤
9874	🚥
9875	🚨
9876	🚩
9877	🚪
9878	🚫
9879	🚬
9880	🚰
9881	🚲
9882	🚴
9883	🚶
9884	🚹
9885	🚺
9886	🚽
9887	🚿
9888	🛀
9889	🛁
9890	🛋
9891	🛌
9892	🛍
9893	🛎
9894	🛏
9895	🛐
9896	🛒
9897	🛡
9898	🛩
9899	🛫
9900	🛰
9901	🛵
9902	🤐
9903	🤑
9904	🤒
9905	🤓
9906	🤔
9907	🤕
9908	🤖
9909	🤗
9910	🤘
9911	🤙
9912	🤚
9913	🤛
9914	🤜
9915	🤝
9916	🤞
9917	🤠
9918	🤡
9919	🤢
9920	🤣
9921	🤤
9922	🤥
9923	🤦
9924	🤧
9925	🤨
9926	🤩
9927	🤪
9928	🤫
9929	🤬
9930	🤭
9931	🤮
9932	🤯
9933	🤳
9934	🤴
9935	🤷
9936	🤸
9937	🥀
9938	🥁
9939	🥂
9940	🥃
9941	🥄
9942	🥇
9943	🥈
9944	🥉
9945	🥊
9946	🥐
9947	🥑
9948	🥒
9949	🥓
9950	🥔
9951	🥕
9952	🥖
9953	🥗
9954	🥘
9955	🥚
9956	🥛
9957	🥜
9958	🥝
9959	🥞
9960	🥰
9961	🥲
9962	🥹
9963	🥺
9964	🦀
9965	🦁
9966	🦂
9967	🦄
9968	🦅
9969	🦆
9970	🦇
9971	🦈
9972	🦉
9973	🦊
9974	🦋
9975	🦌
9976	🦍
9977	🦎
9978	🦏
9979	🦐
9980	🦑
9981	🧀
9982	🧐
9983	🧒
9984	🫠
9985	🫣
9986	🫶
9987	𠮟
9988	𢌞
9989	𣗄
9990	𥙿
9991	𥝱
9992	𧘱
9993	𰻞
9994	󠄀
9995	󠄁
